,0,1,2,3,4,5,6,7
0,0.72780087,2.08402363,3.44444268,0.1336145,2.99491857,3.78068026,1.13795579,1.94539537
1,0.66767553,1.72686372,2.5888507,0.13156551,2.34315126,2.84592511,1.21911317,1.82793589
2,0.67074119,1.70590181,2.57269163,0.13149651,2.33942795,2.74369907,0.9911546,1.62473431
3,0.67144081,1.70440842,2.56056386,0.13162741,2.32104991,2.73283716,0.79545382,1.42668813
4,0.67005107,1.70366055,2.52310969,0.13132857,2.30561354,2.73362057,0.90991007,1.52974059
5,0.67236768,1.70307157,2.54102411,0.13175218,2.3181035,2.7307513,1.24347737,1.81936474
6,0.67643183,1.70313435,2.56200251,0.13172265,2.34579805,2.73412048,0.94906121,1.57272637
7,0.67587968,1.70460619,2.62737306,0.13161085,2.38637928,2.73339412,1.07390471,1.66977928
8,0.68207079,1.70417695,2.61062247,0.13160558,2.363429,2.73670104,0.9126711,1.51470648
9,0.68302373,1.70450328,2.64104707,0.13157877,2.38678887,2.73810411,0.96878501,1.56366439
10,0.68304632,1.70466363,2.65346015,0.13149776,2.39419043,2.73902776,1.19898101,1.75992146
11,0.68829909,1.70486155,2.70242243,0.13175824,2.40351377,2.73745348,1.38836554,1.91158051
12,0.69559279,1.70541985,2.73934016,0.13210041,2.42431173,2.74150883,1.1619045,1.72173639
13,0.6979044,1.70575933,2.7761828,0.1320365,2.46206249,2.74167143,1.18850896,1.72863647
14,0.70151855,1.70550747,2.79893224,0.13204978,2.47551826,2.74134562,1.39362444,1.90538496
15,0.6997818,1.70546061,2.78965902,0.13212347,2.46434676,2.74452665,1.90589267,2.28036215
16,0.71234197,1.70594624,2.89267179,0.13229099,2.54812231,2.74136153,1.76575623,2.19767216
17,0.72038163,1.70634771,2.92510691,0.13230428,2.55513853,2.74704668,1.68126588,2.1274461
18,0.72608334,1.7074811,2.97892618,0.13267184,2.54868769,2.75376981,1.6984579,2.11596437
19,0.72640359,1.70855636,3.01039385,0.13250141,2.56650146,2.76033701,1.84622419,2.22205487
20,0.740753,1.7086024,3.0419054,0.13252721,2.60543071,2.76560791,1.3522127,1.81438372
21,0.74154006,1.70865193,3.06565361,0.13262107,2.61187679,2.76764037,1.73009328,2.10083901
22,0.74616698,1.70996928,3.1478669,0.13314793,2.6233225,2.76928406,2.35609049,2.52134211
23,0.75219786,1.71010763,3.18032762,0.13291815,2.6218972,2.76923273,2.39609226,2.58301036
24,0.76683236,1.71052778,3.19345069,0.13334572,2.66175293,2.77771246,1.77684132,2.12542025
25,0.78311906,1.71144135,3.33970844,0.13302152,2.72021147,2.77696749,1.45978565,1.82131879
26,0.78655246,1.71193003,3.35515217,0.13322894,2.7192945,2.78115212,1.65026775,1.96169652
27,0.78569826,1.71119452,3.34332104,0.13403226,2.67651306,2.7799936,2.13838289,2.34751422
28,0.79203756,1.71123798,3.40002939,0.13414744,2.69679147,2.77421506,2.48870238,2.58985046
29,0.80336218,1.71284564,3.41681376,0.13378785,2.78599941,2.78912392,1.56082389,1.85273892
30,0.79097297,1.71186829,3.38819382,0.13330282,2.72452896,2.7809526,2.23147254,2.40384011
31,0.82653161,1.71284298,3.47107731,0.13423955,2.84316045,2.79616625,1.04705591,1.38026406
32,0.83189851,1.71284759,3.49131966,0.13436452,2.85696123,2.79889473,1.04769785,1.35205283
33,0.82365864,1.71320789,3.50167393,0.13417126,2.83950219,2.79574469,1.57634552,1.80791632
34,0.80239732,1.7126221,3.42581752,0.1340882,2.74047588,2.79082401,2.37520884,2.48898529
35,0.82831433,1.71243261,3.46847509,0.13438346,2.82437584,2.79764602,1.45157202,1.72478695
36,0.83073746,1.71213729,3.47720571,0.13356574,2.83373932,2.79689641,1.2622641,1.55003909
37,0.82788308,1.71271141,3.479645,0.13406773,2.84112018,2.79925141,1.37192102,1.65826247
38,0.81392915,1.71424201,3.51855025,0.13465323,2.81859893,2.7967279,2.26029024,2.38729657
39,0.80496265,1.71402731,3.48276539,0.13425538,2.75829075,2.79123935,2.47967637,2.59275782
40,0.80773688,1.71163826,3.40939269,0.13428018,2.74790493,2.78761098,1.99192939,2.19151005
41,0.8082487,1.7123788,3.45251899,0.13390469,2.79828665,2.78624949,1.82988321,2.08217236
42,0.80292962,1.71280781,3.45054701,0.13389804,2.78854047,2.78431,1.83198159,2.06828988
43,0.80828406,1.71222346,3.42769673,0.13360299,2.77621959,2.78717224,1.3482107,1.6724844
44,0.79403189,1.71123172,3.33113561,0.13356406,2.73745859,2.7870546,1.57023314,1.87405188
45,0.79212007,1.71209614,3.36318752,0.13403871,2.7816849,2.78698016,1.41539713,1.76606194
46,0.78255611,1.71303384,3.36527101,0.13314055,2.76318687,2.78471441,1.53080349,1.86528918
47,0.77346718,1.71111667,3.24204335,0.13309567,2.66044473,2.78145853,1.83263151,2.11823533
48,0.77518462,1.71156702,3.24441624,0.13299272,2.72982682,2.78329508,0.91934246,1.35626811
49,0.76245851,1.71049065,3.15408337,0.13331375,2.6862845,2.78216003,1.28499771,1.67915076
50,0.75062613,1.70902535,3.06274418,0.13297857,2.62309223,2.77674704,1.53107414,1.91796658
51,0.73210696,1.70800995,2.97141722,0.13301791,2.56348696,2.77151574,2.18450678,2.4242135
52,0.73530958,1.70824942,3.02094933,0.13288157,2.56317352,2.7651056,2.16575871,2.45224181
53,0.73016257,1.70769212,2.98477846,0.13253616,2.5623343,2.76256255,1.87468736,2.26773228
54,0.72289762,1.70845151,2.9615836,0.13270591,2.5638835,2.76293378,1.48873744,1.9551166
55,0.71275232,1.70729314,2.88264662,0.13229551,2.49508486,2.75835612,2.09021045,2.39051215
56,0.71463377,1.70655131,2.86246103,0.13220099,2.52235236,2.75652577,1.21801197,1.74722657
57,0.70680301,1.70638001,2.7931881,0.1319135,2.48097343,2.75594172,0.93240261,1.48001476
58,0.7033049,1.70556175,2.7475795,0.1317378,2.44797513,2.75253375,1.0297818,1.56837154
59,0.6975133,1.7058632,2.74503997,0.13186311,2.42808413,2.74732985,1.0732383,1.6251807
60,0.69335423,1.70562081,2.71987437,0.13171757,2.41094703,2.74362455,1.1555282,1.70283109
61,0.68930797,1.70565108,2.70562144,0.13157369,2.41594214,2.74354859,1.12822413,1.69314854
62,0.68563017,1.70581836,2.70486413,0.13153861,2.41268699,2.73936729,1.04418628,1.62551988
63,0.68264041,1.70573331,2.66840635,0.13163371,2.3751235,2.74018213,1.14293173,1.71882897
64,0.67385558,1.70464086,2.58350877,0.13151868,2.34689707,2.7406153,1.55723542,2.06759247
65,0.67572556,1.70454689,2.61236343,0.13154225,2.37241487,2.73603751,1.01364055,1.63083359
66,0.67260196,1.70430212,2.58015118,0.13149748,2.35545463,2.7357707,1.10403792,1.70456652
67,0.67154947,1.70438565,2.56711458,0.13146116,2.33597824,2.73413922,0.98124294,1.59594398
68,0.67303253,1.70391916,2.56216892,0.13164262,2.34130927,2.73373107,0.96622844,1.59651548
69,0.67015973,1.70457837,2.55239667,0.13144236,2.33109086,2.73579571,0.78389679,1.4085551
70,0.66916747,1.70408996,2.54181007,0.13147877,2.317694,2.73254391,0.91559996,1.5325849
71,0.66530417,1.70312409,2.48667531,0.1313712,2.28271469,2.73121954,1.2082903,1.7999808
72,0.66241629,1.70311246,2.50045807,0.13143391,2.27755499,2.72804307,1.63439501,2.1413963
73,0.66824122,1.70357181,2.55415447,0.13142967,2.30349348,2.72628198,1.23131423,1.84983413
74,0.66996117,1.70347612,2.52535767,0.13148492,2.29936508,2.73123147,1.1364648,1.75163064
75,0.66829771,1.7032413,2.5090085,0.13136925,2.3040758,2.73322323,1.21454532,1.81331092
76,0.67162625,1.70345153,2.54331333,0.13158927,2.32025592,2.73162376,0.957729,1.58654238
77,0.66480424,1.70343977,2.5299705,0.13154597,2.30690171,2.73053803,1.97227679,2.33069003
78,0.66885685,1.70345417,2.52423857,0.13135039,2.3066173,2.73460368,1.58327115,2.12523914
79,0.67794862,1.70474637,2.63872687,0.13152193,2.35361317,2.73282541,1.15269928,1.75538165
80,0.67832522,1.70434656,2.62051767,0.13179248,2.36464559,2.73446546,1.36105292,1.91213496
81,0.68237044,1.70414911,2.62657566,0.13181719,2.35036878,2.73523097,1.26766858,1.82855961
82,0.68720577,1.70426909,2.66004033,0.13168299,2.38014401,2.73636251,1.09719518,1.67784802
83,0.68965451,1.70545576,2.71957701,0.13171897,2.42428356,2.73879594,0.96546278,1.53704613
84,0.69042142,1.70577878,2.73897655,0.13167494,2.44844393,2.74334707,1.29799452,1.8437743
85,0.68895081,1.70518368,2.70393061,0.1315347,2.40139104,2.74523065,2.09382716,2.39961479
86,0.70580708,1.70550975,2.82000468,0.13207807,2.47957415,2.74228997,1.29315807,1.84070534
87,0.71116046,1.70720301,2.86972414,0.13209629,2.51736289,2.75209114,1.05009935,1.59229508
88,0.70722486,1.70631841,2.8192707,0.13219944,2.47152896,2.75408233,1.60665617,2.04022454
89,0.7182965,1.70573581,2.87850359,0.13239273,2.50309863,2.75057425,1.42809141,1.91271866
90,0.72907174,1.70767183,2.97411729,0.13237064,2.54469925,2.7568353,1.13435101,1.63989432
91,0.73695359,1.70908152,3.06309706,0.13261158,2.6108377,2.76240086,1.34705672,1.80202498
92,0.74562647,1.7089156,3.06464827,0.13227994,2.61972595,2.76603728,0.93710541,1.4244942
93,0.75518109,1.7097337,3.15822753,0.13257763,2.6640862,2.76541373,0.90100555,1.37536652
94,0.7482285,1.70908216,3.09591091,0.13310192,2.61592127,2.77031662,1.75632791,2.07848337
95,0.75730452,1.70968146,3.1666102,0.13293107,2.64692632,2.77028885,1.75072841,2.08162811
96,0.76695813,1.70959532,3.18017737,0.13312246,2.67652052,2.77617389,1.47376996,1.83647346
97,0.76929495,1.71130512,3.29085997,0.13337377,2.74145689,2.77660764,1.78566779,2.08615229
98,0.77580532,1.71164621,3.26270999,0.13313273,2.69619668,2.78322121,1.82985107,2.10665016
99,0.77374256,1.71157778,3.28771461,0.13402337,2.68742306,2.78216908,2.39549185,2.53080648
100,0.79201771,1.71077432,3.33188482,0.13389818,2.73177749,2.78232366,1.8102306,2.10461372
101,0.79095158,1.71234138,3.38606077,0.13363408,2.7617172,2.7878282,2.21445923,2.39383166
102,0.79221556,1.71289452,3.39262191,0.13376324,2.74758466,2.78952085,2.4257796,2.56356449
103,0.81755163,1.713565,3.51957494,0.13421963,2.84484132,2.7883451,1.50570638,1.78479214
104,0.80604654,1.71272871,3.4095367,0.13382097,2.78328873,2.79506546,1.80602251,2.0276382
105,0.82194092,1.7135425,3.51277659,0.13434219,2.83375371,2.79530005,1.88440511,2.09379513
106,0.8228752,1.71381686,3.52892269,0.1341137,2.81741246,2.79417016,1.6164688,1.85671564
107,0.82316198,1.7134683,3.52839389,0.13382488,2.83134567,2.79229722,1.61215498,1.87129173
108,0.83795656,1.71352653,3.58207203,0.13443383,2.84706232,2.7958667,1.48555466,1.76370846
109,0.81338798,1.71404199,3.51769083,0.13421576,2.78782512,2.79308282,2.2413863,2.39283923
110,0.81542232,1.71392149,3.51552264,0.13396646,2.83381877,2.79334977,1.88334233,2.10961336
111,0.80647495,1.71215532,3.39181245,0.13336392,2.75284542,2.79361149,2.04173661,2.22596395
112,0.82425682,1.71135854,3.429539,0.13409387,2.80263135,2.79485583,1.50483933,1.77400712
113,0.81696188,1.7111932,3.38894993,0.13362158,2.80234901,2.79574779,1.21799886,1.51452106
114,0.81402046,1.71045442,3.39786341,0.13441245,2.77856791,2.78420845,1.42144489,1.68541544
115,0.79073004,1.71183856,3.32118034,0.1334167,2.74480191,2.79034732,1.76307345,2.01345471
116,0.81013133,1.71220585,3.40297046,0.13372099,2.81171681,2.790794,0.93479114,1.30508383
117,0.79257595,1.71165141,3.32538424,0.13339425,2.75194775,2.78723289,1.18740831,1.52382865
118,0.79514869,1.7117652,3.33738579,0.13372211,2.77892936,2.78807399,0.9651265,1.36804458
119,0.77615538,1.71117022,3.25206948,0.13314687,2.72259242,2.7843964,1.32284546,1.69271793
120,0.76605385,1.71121877,3.22771962,0.13306904,2.69629739,2.78026496,1.60676612,1.95865696
121,0.7601507,1.71111931,3.2148543,0.13302193,2.69515355,2.77821968,1.72910028,2.08548192
122,0.75898045,1.71082701,3.17590036,0.13283906,2.68971053,2.77790966,1.21881135,1.65041637
123,0.74471739,1.71044221,3.11068897,0.13268851,2.64491497,2.77332858,1.38921642,1.8045923
124,0.74370801,1.70919108,3.06586744,0.13260306,2.63613552,2.77039837,1.17441336,1.65142804
125,0.72618992,1.70856929,3.00909061,0.13270127,2.59838823,2.76295732,1.93680159,2.24990378
126,0.72019145,1.70824,2.96379861,0.13243895,2.57732525,2.76213976,1.61627849,2.05310054
127,0.72148053,1.70901475,2.98799029,0.13246375,2.59599547,2.76154927,1.24060623,1.74778137
128,0.71468296,1.70798193,2.91958673,0.13215374,2.54296502,2.75318859,1.22391754,1.72742827
129,0.70697352,1.70755681,2.85713874,0.13225495,2.51447815,2.7543268,1.13688997,1.65844153
130,0.69292119,1.70607504,2.73674517,0.13210721,2.42647535,2.75159101,1.91832065,2.2753248
131,0.69145197,1.70566211,2.72709657,0.13213867,2.41735273,2.74776011,2.03527623,2.40083032
132,0.68704729,1.70528933,2.70956614,0.13179917,2.3867227,2.74343257,2.11661043,2.46514478
133,0.68900817,1.70484126,2.68518308,0.13164478,2.38508208,2.74150047,1.47170751,2.02262185
134,0.68265375,1.70475013,2.65045568,0.13170159,2.38745527,2.74126136,1.39993841,1.95073493
135,0.68301441,1.70390351,2.60691062,0.13179108,2.35528639,2.73946842,1.13885002,1.73756171
136,0.67704839,1.70460593,2.60702982,0.13141344,2.35687758,2.7381057,1.15788709,1.73937669
137,0.67953589,1.70403171,2.59025798,0.1315715,2.36244795,2.73964499,0.6692644,1.29269519
138,0.67441577,1.70416496,2.56671235,0.13146024,2.34386551,2.73744728,0.81021385,1.4173374
139,0.6737583,1.70401605,2.56555125,0.1317228,2.33329533,2.73314425,0.93160898,1.54622433
140,0.66936551,1.70415577,2.56436425,0.13137201,2.33753975,2.73083892,1.1182487,1.72083086
141,0.66459256,1.70388247,2.53302849,0.13135527,2.30300684,2.72991093,1.53911142,2.06149226
142,0.66385277,1.7033895,2.50519865,0.13138,2.29141951,2.7297396,1.39036037,1.97051267
143,0.66379588,1.70318035,2.49202394,0.13138641,2.29341323,2.73098641,1.39691573,1.97250281
144,0.66815588,1.70436059,2.56407242,0.131425,2.33300557,2.73095555,0.83289567,1.47282475
145,0.66758976,1.70445566,2.54930994,0.13138955,2.32311449,2.73200852,0.73634822,1.36203737
146,0.66699789,1.70354738,2.52495539,0.13147206,2.31547941,2.73124669,1.21197761,1.8008045
147,0.66885737,1.70334745,2.54326345,0.13139623,2.34066909,2.72982249,1.10430119,1.72854493
148,0.66749852,1.703667,2.5465381,0.13152758,2.3363799,2.73098105,1.39087198,1.96047976
149,0.66875583,1.70349486,2.52958561,0.13141287,2.32195042,2.73395127,1.35201285,1.92457348
150,0.67043122,1.70364008,2.56755566,0.13155653,2.33741898,2.73221806,1.70948097,2.19969779
151,0.67290819,1.70390467,2.56619179,0.1315329,2.33926627,2.73574807,1.281036,1.86924888
152,0.67949049,1.70449197,2.62590828,0.13153342,2.37361951,2.73647971,0.91891008,1.53202677
153,0.68243162,1.70532123,2.65275755,0.13183858,2.37966956,2.73962,0.90193126,1.49079797
154,0.68797782,1.7052093,2.67707696,0.13185933,2.39358367,2.74150491,1.0962634,1.66235996
155,0.69084419,1.70573042,2.71523874,0.13189039,2.41523314,2.74296202,0.9986342,1.58007627
156,0.69420572,1.706376,2.74046898,0.13198095,2.43759221,2.74680877,0.9217628,1.49403826
157,0.70330448,1.70618537,2.77958505,0.13217023,2.45043646,2.74740417,0.77024044,1.33267018
158,0.70441474,1.70626555,2.82517861,0.13215739,2.50242236,2.74697935,1.08072222,1.62233731
159,0.70227008,1.7067605,2.81715431,0.13196422,2.48386265,2.75309068,1.65342713,2.08453588
160,0.72039695,1.70755688,2.92484488,0.13236236,2.54143594,2.75401247,0.85329896,1.39127559
161,0.72117548,1.70788921,2.9264427,0.13223115,2.5493678,2.75923783,1.08156931,1.58665943
162,0.7296127,1.70808229,2.96698854,0.13250977,2.56221406,2.76145755,1.21453782,1.69608442
163,0.72201688,1.70815379,2.99632175,0.13262059,2.55385231,2.75616969,2.17578843,2.40070782
164,0.72624443,1.70826329,2.99215556,0.13252609,2.57255138,2.76476842,2.09595553,2.4073116
165,0.75314776,1.70791947,3.06984179,0.13284435,2.62280601,2.76757057,1.28348505,1.75120506
166,0.74603452,1.70980968,3.10553312,0.13264083,2.62927164,2.77169336,1.8043007,2.12323611
167,0.76875324,1.71047226,3.20905838,0.13304858,2.7014848,2.77553284,1.07643652,1.50790942
168,0.76740357,1.71057528,3.2263798,0.13321221,2.67244198,2.77585849,1.54964417,1.90041483
169,0.77286306,1.71089177,3.25200252,0.13317631,2.70508606,2.77894175,1.51139135,1.85448218
170,0.77514298,1.71133802,3.27965502,0.13305622,2.70637606,2.78068961,1.93327345,2.19814849
171,0.78857369,1.71150213,3.31090346,0.13336093,2.74793151,2.78653637,1.47191973,1.82712976
172,0.78138546,1.71150366,3.31690138,0.13365909,2.69251545,2.78291008,2.29523233,2.44589192
173,0.8083719,1.71120399,3.36613249,0.13380862,2.77870211,2.78894093,1.17859344,1.49140533
174,0.80807267,1.71148861,3.38255155,0.13343445,2.74343803,2.78959527,1.4625584,1.75747867
175,0.81609473,1.71358851,3.46460142,0.13364363,2.81211387,2.79492551,1.28726291,1.58624708
176,0.82210912,1.71364932,3.46168944,0.13361128,2.84607013,2.80038718,1.17607152,1.48232198
177,0.8328919,1.71442154,3.50272654,0.13397633,2.87950533,2.80438983,1.10606628,1.40416574
178,0.80896695,1.71308023,3.4330189,0.13380706,2.78018663,2.79860836,2.29438359,2.41098904
179,0.82554786,1.71345833,3.47619398,0.13406533,2.84643779,2.80091046,1.50920646,1.75102139
180,0.82604663,1.71336597,3.53311079,0.13416482,2.83912266,2.79431294,1.75067388,1.99361892
181,0.82029871,1.71362805,3.52376343,0.13433946,2.83122249,2.79361815,1.85228698,2.06883536
182,0.81596843,1.71407724,3.50781875,0.134504,2.83272393,2.79849363,2.02609268,2.19253467
183,0.81725057,1.71311399,3.48686314,0.13381455,2.85998585,2.80189289,1.55000131,1.7959639
184,0.82685848,1.71326968,3.52243466,0.13388647,2.8879581,2.79109067,0.92524736,1.24659132
185,0.81452515,1.71295639,3.5265521,0.13397022,2.82922503,2.77784996,1.81862595,2.02377236
186,0.80273752,1.71311089,3.44054512,0.13412618,2.77910075,2.78868929,2.09459228,2.27440842
187,0.80414933,1.71108401,3.35163153,0.13394304,2.76690394,2.79172828,1.5737303,1.86944316
188,0.79763283,1.71123363,3.3670381,0.13347167,2.79078138,2.78499,1.48591367,1.78727183
189,0.78320277,1.71205585,3.34193819,0.13408084,2.76194931,2.78460353,1.75718591,2.02183571
190,0.79807753,1.7118165,3.39360905,0.13354437,2.79729415,2.78078753,1.42959933,1.79547262
191,0.75722239,1.71196078,3.26957829,0.13313502,2.69385774,2.77412743,2.32928058,2.4689715
192,0.77875355,1.71076823,3.27414876,0.132928,2.71497224,2.77487987,1.119549,1.53343686
193,0.75845509,1.71108942,3.22662942,0.13282915,2.64446642,2.77309255,1.72215481,2.04561758
194,0.75180579,1.71018595,3.17214227,0.1326713,2.59654011,2.76955177,2.04602637,2.32100634
195,0.73102012,1.70828211,2.99039426,0.13242795,2.51011235,2.76606805,2.43979899,2.57341271
196,0.73136989,1.70852492,3.02819133,0.13245446,2.54980021,2.76146231,1.98482916,2.31693903
197,0.72813798,1.70847341,2.98883195,0.13248024,2.56500915,2.76330859,1.69318238,2.11060348
198,0.72792478,1.70837324,2.99113076,0.13234453,2.59023231,2.760695,1.20695301,1.69512009
199,0.72293167,1.70814588,2.94245385,0.13231349,2.54839875,2.7600846,1.1365233,1.65184243
200,0.71442227,1.70814347,2.90989402,0.13220047,2.53269118,2.75678857,1.07901731,1.59540593
201,0.70425234,1.70678199,2.80889037,0.13207304,2.4746038,2.75560629,1.58307714,2.0371107
202,0.69907887,1.70652907,2.80954979,0.13204727,2.47425128,2.75027557,1.92427645,2.31700173
203,0.69763086,1.70601263,2.75685989,0.13235594,2.45795458,2.74944869,1.33338011,1.87925456
204,0.69171949,1.70600612,2.73773522,0.13189163,2.4491963,2.74813805,1.31301076,1.85700457
205,0.69415162,1.70573164,2.72828892,0.13178171,2.44056859,2.74466376,1.05390552,1.6418001
206,0.67972635,1.70541839,2.64318985,0.13157103,2.37653612,2.74410557,1.72351523,2.16426582
207,0.68315889,1.70543839,2.68872392,0.13184511,2.40552444,2.7353285,1.1128029,1.70688353
208,0.6784866,1.70547986,2.63244559,0.13160836,2.37348698,2.7404718,1.0347786,1.6320865
209,0.6760512,1.70420079,2.5779712,0.1315192,2.34179086,2.73769883,1.12255416,1.71193736
210,0.67407507,1.70403825,2.55993795,0.1313162,2.33253604,2.73647185,0.90881808,1.53187117
211,0.67110966,1.70366361,2.53493451,0.13138827,2.31744076,2.73471032,0.82240896,1.44485886
212,0.66965188,1.70390649,2.5552378,0.13153789,2.33432583,2.73159203,1.01826793,1.63203467
213,0.66669592,1.70369982,2.51450423,0.13151987,2.29739812,2.732346,1.13527586,1.73449884
214,0.66559525,1.70275562,2.48479532,0.13139534,2.28489338,2.73114185,1.50654086,2.05248089
215,0.66422189,1.70276213,2.4998831,0.1314029,2.29650011,2.72815404,1.66124412,2.17819866
216,0.66739207,1.70324773,2.51454801,0.1316294,2.30343836,2.72970476,1.11058221,1.73944003
217,0.66977437,1.70310201,2.52787402,0.13138383,2.32168239,2.72995238,1.08587681,1.70747648
218,0.66897274,1.70379089,2.53765013,0.13139175,2.31802984,2.73120731,0.99417527,1.61588099
219,0.66872814,1.70386722,2.54137069,0.1318066,2.32336164,2.73277604,1.17948375,1.77658898
220,0.66904072,1.70453476,2.58265364,0.13153235,2.33843849,2.73161948,1.41627473,1.97511835
221,0.66957303,1.70424713,2.57305302,0.13148049,2.33076998,2.73247437,1.6539893,2.16401314
222,0.66984267,1.70319926,2.52340729,0.13180081,2.30462216,2.73367624,1.61632316,2.13819712
223,0.6735427,1.70371233,2.58506484,0.13135774,2.35335531,2.7312204,1.3265806,1.89944155
224,0.68253091,1.70348811,2.63794145,0.13189206,2.40824407,2.72748569,1.25707429,1.84687134
225,0.67167611,1.70363681,2.56851569,0.1318029,2.33149971,2.73636271,2.11914778,2.41645655
226,0.67939445,1.70354728,2.62888164,0.13163026,2.36298128,2.73445721,2.11281167,2.47252959
227,0.689705,1.70536795,2.73763311,0.13196957,2.44802749,2.73964835,1.41148402,1.96917374
228,0.68174033,1.70597234,2.69632193,0.13176618,2.39315045,2.7435144,2.17215966,2.44321829
229,0.6949585,1.70541761,2.74306144,0.13195339,2.4313068,2.74457758,1.56470646,2.07246379
230,0.70227328,1.7059009,2.80112265,0.13192004,2.48402837,2.7458069,1.15392374,1.69735693
231,0.71053516,1.70645206,2.82643225,0.13205998,2.49820764,2.75257566,0.84140175,1.39301193
232,0.71511826,1.70714544,2.90689162,0.13241043,2.53402612,2.75029102,1.12041981,1.62388863
233,0.72239966,1.70776609,2.95271419,0.13218315,2.56249068,2.75360312,1.0846596,1.5812153
234,0.73097165,1.70712815,2.96495034,0.13215798,2.58167198,2.75527691,1.03887119,1.5398013
235,0.71920952,1.70672745,2.92418189,0.1322627,2.52328927,2.75795948,2.25141274,2.41437604
236,0.74412447,1.7079757,3.02815877,0.13254874,2.61387622,2.76543507,0.97760763,1.47570797
237,0.74837951,1.70978796,3.13629585,0.13285393,2.67563342,2.76973796,1.2958207,1.71112547
238,0.75936232,1.71067084,3.20967685,0.133149,2.67938461,2.77205711,1.52050217,1.91416754
239,0.75701332,1.71063405,3.19331607,0.13267677,2.64191844,2.77311404,1.86555073,2.16805223
240,0.77076224,1.71017631,3.20797851,0.13340053,2.69055951,2.77843033,1.49937357,1.88114161
241,0.79015968,1.71192236,3.32156303,0.13339077,2.75456137,2.78410326,0.9966969,1.38607674
242,0.79290272,1.71113837,3.30422815,0.13288598,2.7667538,2.78658583,0.89998834,1.29810487
243,0.79636654,1.71148963,3.34832538,0.13359331,2.76927973,2.78498752,1.12185491,1.47006553
244,0.80174669,1.71185331,3.42065372,0.13376844,2.82139413,2.77723738,1.26034842,1.60131382
245,0.8038283,1.71235929,3.45510757,0.1339891,2.833953,2.77522742,1.56399235,1.84645475
246,0.81287631,1.71329738,3.47889327,0.13378151,2.81916632,2.78785546,1.13163514,1.4487488
247,0.80607903,1.71326644,3.45757303,0.13358787,2.78199365,2.78976821,1.80086828,2.01641251
248,0.81544147,1.71278603,3.44375646,0.13396555,2.81154228,2.79555348,1.59826084,1.8230719
249,0.82912817,1.71243536,3.47088515,0.13434411,2.83450004,2.7976814,1.15565076,1.43102628
250,0.82632402,1.71273375,3.55454519,0.13413374,2.84710019,2.78245624,1.88326834,2.07561981
251,0.81447584,1.71508577,3.55403221,0.13401106,2.7981104,2.79328561,2.09507467,2.25597148
252,0.84606996,1.71418759,3.54114701,0.13479649,2.87293688,2.80538123,0.89396917,1.20729714
253,0.82719658,1.71373093,3.48902552,0.13374242,2.84864307,2.80337799,1.40738131,1.65764771
254,0.81135356,1.7134893,3.46262062,0.1345195,2.78073524,2.79706705,2.33320832,2.45583665
255,0.82613962,1.71305429,3.50301633,0.13458094,2.85554055,2.79749634,1.4989366,1.78999108
256,0.81149896,1.71350367,3.49188197,0.13405861,2.81074679,2.79037416,1.9213115,2.12437305
257,0.81301848,1.71150248,3.47866788,0.13416656,2.75162254,2.782265,2.05689007,2.28067063
258,0.81653643,1.71229392,3.51195176,0.13376148,2.78917916,2.78287358,1.82390241,2.08902866
259,0.80128045,1.71342908,3.42193891,0.13387872,2.77970188,2.78992539,1.34998558,1.64695641
260,0.7801987,1.71297302,3.38111979,0.13381834,2.72876423,2.78145677,2.30805457,2.43769011
261,0.78963305,1.71215423,3.37963733,0.13369482,2.76239373,2.78170017,1.91782867,2.19452939
262,0.79147284,1.7119496,3.36391609,0.13355133,2.77337687,2.78260982,1.36369905,1.74083279
263,0.7789343,1.71179991,3.29894231,0.13336534,2.75002097,2.78076902,1.13067998,1.50882869
264,0.77462046,1.7115255,3.30097605,0.13294719,2.76673174,2.77085702,1.11648669,1.5041188
265,0.76362603,1.71083143,3.19312478,0.13319826,2.68711813,2.77821059,1.29405856,1.67565134
266,0.76401363,1.71011316,3.18024547,0.1329392,2.68008068,2.77356625,1.05820272,1.51568239
267,0.73934037,1.71015122,3.11217355,0.13322132,2.64932255,2.77377567,1.91433357,2.21964369
268,0.73724956,1.70886176,3.03446576,0.13277408,2.62385564,2.7720563,1.38460407,1.8297418
269,0.72988929,1.70846388,3.00001247,0.13229381,2.6058459,2.76821627,1.43539254,1.89513687
270,0.72517086,1.70821045,2.95029249,0.13213302,2.54098432,2.76202287,1.24740193,1.73761643
271,0.71729772,1.70791516,2.91138463,0.1321199,2.49920559,2.75822248,1.48816205,1.93715559
272,0.71903353,1.70724002,2.888118,0.13249787,2.5238743,2.75704202,1.00554582,1.53573977
273,0.70859876,1.70712349,2.83807707,0.13243617,2.48556911,2.75394893,1.04522099,1.58160062
274,0.70560072,1.70580577,2.79543247,0.13208706,2.47585355,2.74810337,1.11048333,1.64879851
275,0.69800368,1.70534605,2.74479361,0.13184414,2.45947165,2.74923879,1.11945069,1.66056496
276,0.69630454,1.70608923,2.78579718,0.1318642,2.5010132,2.74243536,0.87178014,1.45418567
277,0.68836037,1.70560589,2.68612328,0.131766,2.40878366,2.7451418,1.17649454,1.73111367
278,0.68393617,1.70536897,2.66215824,0.13185065,2.39248677,2.74337106,1.14910646,1.72077398
279,0.67364038,1.70437017,2.60808526,0.13164939,2.35040001,2.73800687,2.05944926,2.38281197
280,0.67789035,1.70404608,2.60954006,0.13159044,2.35029433,2.73473512,1.57390286,2.12033373
281,0.67398961,1.70538408,2.62805797,0.13150989,2.37235342,2.73651241,0.98782635,1.60760426
282,0.67103617,1.70467209,2.5729241,0.13142077,2.34086568,2.73739758,1.21862877,1.8083964
283,0.67073446,1.70431808,2.56810637,0.13145878,2.34268754,2.7340894,0.8727443,1.50155613
284,0.67280908,1.70408021,2.54531813,0.13139047,2.31692681,2.73454289,0.70223008,1.33128035
285,0.66259639,1.70290382,2.47971446,0.13142571,2.28744975,2.73242448,1.67645804,2.13648261
286,0.6711461,1.70381742,2.56266217,0.13156355,2.33395472,2.72918615,1.08418456,1.70739322
287,0.67160717,1.70338761,2.53039651,0.1314193,2.32546225,2.73421663,0.65899938,1.30140102
288,0.66957844,1.70394691,2.54046092,0.13144589,2.31657106,2.73048795,0.70691066,1.32452398
289,0.67065697,1.7034439,2.51722725,0.13156637,2.30992975,2.73338287,0.83770356,1.46127086
290,0.66938465,1.7037754,2.53195017,0.13154762,2.30934203,2.73225077,0.95135974,1.57313679
291,0.66372332,1.70350469,2.51229492,0.13138816,2.31217977,2.73408304,1.69928309,2.1681417
292,0.66554458,1.70206554,2.49203968,0.13143387,2.30499567,2.7285321,2.04321965,2.42597455
293,0.66901606,1.70190563,2.4931137,0.13160025,2.28794343,2.7286318,1.63855464,2.16522065
294,0.67164802,1.70247973,2.56802628,0.13161304,2.37369282,2.7183304,1.46942847,2.03473472
295,0.67388847,1.70356749,2.57145395,0.13155842,2.34002479,2.73312876,1.63115058,2.14330004
296,0.68166656,1.70472278,2.65311839,0.13165918,2.3777729,2.73392636,1.03156792,1.64230316
297,0.67923321,1.70438158,2.62377527,0.13157186,2.36804097,2.73763564,1.41004156,1.9483047
298,0.69036656,1.70390911,2.65547156,0.13183459,2.38864793,2.73696632,0.86709248,1.46965819
299,0.68586433,1.70401298,2.64005115,0.13162576,2.38645298,2.7427072,1.38057342,1.91206989
300,0.69228725,1.70492896,2.71353346,0.13201739,2.43623531,2.74392345,1.13016467,1.69742907
301,0.69778265,1.70488987,2.74564377,0.13208843,2.45919762,2.74566061,1.42931494,1.93955941
302,0.6994888,1.70449324,2.74850726,0.13220167,2.44868746,2.74413298,1.66334626,2.11703644
303,0.70206025,1.70581148,2.84879472,0.13229714,2.53089756,2.74487612,2.06999695,2.3995634
304,0.70303856,1.70597199,2.87914942,0.1323362,2.56356233,2.7342212,2.45631529,2.57397463
305,0.70762511,1.70715323,2.88215409,0.13233078,2.48222046,2.75108643,2.46316386,2.62250285
306,0.73007537,1.70701042,2.97643162,0.13242532,2.5562238,2.75291335,1.2721558,1.78364982
307,0.72903965,1.70794621,3.00355176,0.13245877,2.59880012,2.76286663,1.62536476,2.02989984
308,0.73314674,1.70751616,2.97261586,0.13296772,2.55461664,2.76617839,2.06373748,2.35375235
309,0.73512108,1.70819419,3.03362161,0.13248485,2.5758003,2.76591077,2.34273427,2.54321547
310,0.7471062,1.70858781,3.1519334,0.13308898,2.64230738,2.75770661,2.51089713,2.61106389
311,0.74448416,1.70932753,3.09524675,0.13286808,2.5812879,2.76936425,2.44129123,2.60805049
312,0.75979305,1.70895403,3.14872642,0.13315583,2.64793258,2.77328122,1.93441791,2.24450635
313,0.76591725,1.70967183,3.23488044,0.13336618,2.64180758,2.77066226,2.41198803,2.55493814
314,0.77924428,1.71103519,3.28762871,0.13304038,2.69163071,2.77905313,1.89204459,2.19469265
315,0.77817611,1.71194948,3.3390789,0.13350634,2.68121005,2.77815474,2.44848519,2.55788301
316,0.78830442,1.71126647,3.38730366,0.13375252,2.68880354,2.77204098,2.47066839,2.60371372
317,0.79922285,1.71203098,3.39994038,0.13389661,2.74054986,2.78490735,2.11227496,2.34245241
318,0.80974946,1.71300803,3.4304428,0.1339341,2.79062261,2.79325892,1.78935211,2.04119078
319,0.80870958,1.71153323,3.38367682,0.13408315,2.77879279,2.79445963,1.75596077,1.9909626
320,0.81347296,1.71269868,3.43857122,0.13448155,2.76392203,2.792005,1.8632866,2.04910036
321,0.80986539,1.71198092,3.43790796,0.13443988,2.73458081,2.78893981,2.33771928,2.47898299
322,0.80459155,1.71286696,3.46629186,0.13404062,2.73904031,2.78687841,2.48088493,2.60462758
323,0.81626462,1.71312009,3.4389118,0.13462998,2.7812665,2.79641575,2.08916364,2.25892333
324,0.81999219,1.71250838,3.45352904,0.13386494,2.76629515,2.79422546,1.87746323,2.09508949
325,0.82301012,1.71312158,3.49214216,0.13393303,2.83521382,2.79720105,1.64873643,1.90413238
326,0.81900439,1.71413393,3.55545633,0.13423125,2.87791031,2.79197761,1.8419431,2.0464174
327,0.83617938,1.71412537,3.55715072,0.13368092,2.8554904,2.79893861,1.09107419,1.39021429
328,0.81639425,1.71432978,3.51663134,0.13393895,2.80656771,2.79603568,1.83477126,2.04949807
329,0.8110036,1.71337522,3.47238351,0.13400933,2.79414264,2.79199253,1.69953153,1.95369768
330,0.79964584,1.71304554,3.45025372,0.13414468,2.73577934,2.78702468,2.24041395,2.40888804
331,0.78851569,1.71248215,3.36558207,0.13351166,2.70884704,2.78614524,2.34894493,2.51305739
332,0.8040624,1.71185837,3.37724955,0.13365903,2.76333852,2.78751026,1.24131327,1.57074744
333,0.79946657,1.71284826,3.38920343,0.13389169,2.79361453,2.79068298,1.15084966,1.50781119
334,0.79320468,1.7126,3.37930425,0.13366749,2.78266344,2.78593483,1.27543783,1.62656231
335,0.76897106,1.71219934,3.3005829,0.13309943,2.74062017,2.78180972,1.86212379,2.13338864
336,0.76947625,1.71129149,3.23834086,0.13358814,2.70044047,2.78231832,1.85159817,2.15621098
337,0.76629252,1.71022586,3.17256509,0.13295219,2.68979262,2.77949875,0.98377964,1.43466864
338,0.75405962,1.70978275,3.14049129,0.13301614,2.64892635,2.77363628,1.63609224,1.9798054
339,0.73670439,1.70963018,3.07650463,0.13257826,2.604082,2.76913879,2.0630652,2.34920668
340,0.72970928,1.70923327,3.04369964,0.13252244,2.55688383,2.76485469,2.44536509,2.57690538
341,0.72247574,1.70836461,2.9883798,0.13258189,2.53962536,2.76047982,2.41867509,2.6089006
342,0.72223954,1.70655716,2.91963996,0.13257089,2.51473279,2.75454697,1.88731418,2.28796747
343,0.71195131,1.70644321,2.8565264,0.13211056,2.48812052,2.75494276,1.89207293,2.26951041
344,0.71728017,1.70731532,2.92705434,0.13230802,2.57642526,2.75399908,0.96799661,1.52303562
345,0.70777838,1.7074236,2.83629928,0.13178669,2.49946245,2.75748488,1.23469713,1.75788062
346,0.70654333,1.70679254,2.79652674,0.13203505,2.46637854,2.75347827,0.90428823,1.45963332
347,0.700689,1.70660724,2.8000075,0.13217029,2.45834706,2.74604657,0.96519775,1.51315267
348,0.69593689,1.70620739,2.73809518,0.13185707,2.44170563,2.74841212,0.75953768,1.3275657
349,0.68820324,1.70471154,2.65806984,0.13214758,2.39564469,2.74550166,1.30885499,1.84020253
350,0.68616805,1.70416638,2.65630628,0.13171419,2.3552204,2.73829452,1.58697106,2.08971529
351,0.68169245,1.7049315,2.64419075,0.13149372,2.3529871,2.73790131,1.35630064,1.91500174
352,0.67935547,1.70478057,2.635005,0.13148612,2.36241821,2.73451221,1.04711184,1.64827395
353,0.67655086,1.70434771,2.58480338,0.13169263,2.33282018,2.73656228,1.10284564,1.70397
354,0.67478751,1.70433419,2.58036277,0.13165755,2.35358715,2.73761177,0.82248754,1.441955
355,0.67111357,1.7040662,2.57240896,0.13115433,2.35598018,2.73288765,1.07874618,1.68829339
356,0.67321483,1.70410379,2.56698385,0.13119261,2.33038299,2.73080898,0.82373874,1.45255806
357,0.66964881,1.70394808,2.55408709,0.13131356,2.32051964,2.72900029,1.12156842,1.72125133
358,0.66551702,1.70316615,2.51544562,0.13138839,2.30079523,2.72761917,1.48486283,2.02744672
359,0.66610697,1.70366871,2.51789857,0.13142707,2.30706457,2.73088033,1.00182844,1.62676554
360,0.67045822,1.70451548,2.58677393,0.13130021,2.34863344,2.72691453,0.67198284,1.30695912
361,0.66914596,1.70343018,2.50895182,0.13110438,2.28818981,2.73025918,0.93766858,1.55474968
362,0.66894818,1.70304363,2.51647945,0.13148893,2.31568459,2.73169705,1.08254883,1.70027014
363,0.67131595,1.70336299,2.54108581,0.13146373,2.33435747,2.73308258,0.75745057,1.39036009
364,0.66942024,1.70369572,2.5363646,0.13126975,2.326505,2.73350878,0.8302141,1.44983559
365,0.67109306,1.70351157,2.55559089,0.13152215,2.34595077,2.73430007,1.15211074,1.74946961
366,0.67461907,1.70403968,2.57537069,0.13180522,2.34482814,2.73482168,0.97859444,1.58167027
367,0.68051428,1.70457377,2.61071922,0.13156558,2.35589604,2.73659801,0.72692187,1.33298566
368,0.68242283,1.70485584,2.63118552,0.13174195,2.37408384,2.73947686,0.76226994,1.36224994
369,0.68227926,1.70515357,2.65553836,0.13172944,2.39822642,2.74115696,1.00335721,1.58663954
370,0.68415127,1.70536395,2.67743372,0.13172515,2.39753648,2.74010852,1.17879947,1.7307683
371,0.68821239,1.7048862,2.65058362,0.13172268,2.38065927,2.74339836,1.00029368,1.56980622
372,0.69434638,1.70391851,2.70458451,0.13173559,2.39890577,2.73738767,1.49122011,1.99243269
373,0.6949463,1.70571144,2.7660475,0.13191676,2.43087363,2.7416674,1.39973667,1.91081256
374,0.70079295,1.70574678,2.79372985,0.13203106,2.46149742,2.74396809,1.469218,1.96054175
375,0.70064894,1.70659948,2.84485769,0.13204754,2.52245285,2.75100584,1.45615491,1.95640716
376,0.70635626,1.70582798,2.83111308,0.13189946,2.49003591,2.75156231,2.15973749,2.43535916
377,0.71477779,1.70573828,2.86810961,0.13222451,2.52439357,2.7555576,1.80603562,2.23106666
378,0.72282595,1.70690713,2.93423086,0.13228931,2.55900057,2.75855617,1.53624732,1.98813822
379,0.7371576,1.70877193,3.05366553,0.1325946,2.64702299,2.76601123,0.93217621,1.43793867
380,0.73711618,1.70915002,3.0365628,0.1327107,2.6076749,2.76953839,1.52571211,1.92370926
381,0.73659499,1.70899835,3.06068376,0.13277764,2.59355137,2.76857606,2.28674265,2.47379564
382,0.75644308,1.70929208,3.18259645,0.13303243,2.69744324,2.7619842,1.6007451,2.00743315
383,0.75941308,1.70965324,3.14407607,0.13308675,2.65157747,2.77416532,1.52174632,1.90355784
384,0.7686499,1.70930636,3.17853507,0.13351849,2.67467687,2.77509201,1.35081581,1.73304403
385,0.77673041,1.71098654,3.30067783,0.13356437,2.75168119,2.77602973,1.56482165,1.88854907
386,0.78160402,1.71158976,3.30881242,0.1336022,2.72871401,2.78181424,1.76121961,2.05816856
387,0.78101313,1.71090745,3.26197074,0.13381749,2.67926279,2.78444248,2.26202275,2.44301671
388,0.78717756,1.71069176,3.296158,0.13399315,2.68870402,2.78386466,2.32307623,2.50565788
389,0.79318158,1.71214459,3.39999012,0.13385354,2.71702039,2.78342273,2.49931537,2.61718067
390,0.80623676,1.71358633,3.4999218,0.13403474,2.83211769,2.78629512,1.9497989,2.1830993
391,0.80516463,1.71330028,3.4390813,0.13391642,2.73906925,2.79052937,2.10573821,2.28634087
392,0.80249644,1.71323107,3.44710981,0.13408814,2.7425733,2.78899056,2.47875704,2.585757
393,0.81318109,1.71358157,3.4862481,0.13436073,2.75942417,2.79197056,2.45739139,2.59147555
394,0.82828751,1.71393698,3.53463302,0.13369015,2.85363572,2.79676666,1.24689161,1.55333893
395,0.82432253,1.71450681,3.5212321,0.13422722,2.85901246,2.80223709,1.57205252,1.78913961
396,0.81916689,1.71510367,3.53681941,0.13447109,2.88040046,2.80350484,1.66738676,1.89672173
397,0.83275073,1.71320988,3.49289509,0.13429197,2.81726958,2.80061076,1.39630977,1.65061674
398,0.82909148,1.71239224,3.51987316,0.13381504,2.82755513,2.78993661,1.6315081,1.87176597
399,0.82687103,1.71225946,3.43977614,0.13360642,2.79148275,2.79778466,1.44842588,1.71096902
400,0.82462304,1.71244977,3.43443562,0.1338752,2.83042777,2.79986656,1.24387755,1.55061099
401,0.80201512,1.71319985,3.41836575,0.13399388,2.78317464,2.7940656,1.87049064,2.08230467
402,0.80537107,1.71233746,3.40648104,0.13358263,2.77334019,2.79208418,1.81108135,2.07050096
403,0.8049031,1.71257449,3.38887452,0.13410998,2.80348622,2.79470664,1.38297625,1.6604997
404,0.79700718,1.71217519,3.42201254,0.13369173,2.82141898,2.77844593,1.66962157,1.95901681
405,0.7857928,1.71129972,3.33241631,0.13337347,2.71823749,2.77981573,2.05450607,2.2896583
406,0.78415992,1.71050702,3.30166255,0.13361201,2.70061744,2.77944446,1.91898744,2.22329072
407,0.76308819,1.71125395,3.24116019,0.1333275,2.68687477,2.78041746,2.18826345,2.41945065
408,0.76096073,1.71037736,3.21970607,0.13325246,2.64418695,2.77365153,2.32263228,2.53086255
409,0.75466744,1.70969849,3.14585829,0.13300651,2.65808069,2.77511008,1.76384339,2.10977889
410,0.75673938,1.70947154,3.16104507,0.13317701,2.65911122,2.76930109,1.72660921,2.0829066
411,0.75173242,1.70913145,3.12287683,0.13278734,2.66087483,2.76418199,1.15244485,1.61544322
412,0.73809658,1.70921206,3.07781408,0.13262186,2.63239261,2.76702016,1.78315863,2.13924979
413,0.73706955,1.70833451,3.03666814,0.1329171,2.60370549,2.76086005,1.43013162,1.89420952
414,0.72123422,1.70782638,2.96589679,0.1324306,2.54672842,2.75549624,1.86485869,2.22841949
415,0.7182148,1.70786201,2.90407177,0.13225783,2.52141008,2.75993748,1.35436573,1.83316574
416,0.71762159,1.70735265,2.90147904,0.13208803,2.52577576,2.75417315,1.10524463,1.63349203
417,0.70369031,1.70692816,2.82409081,0.1322047,2.47267416,2.75197073,1.42886923,1.91271581
418,0.69853439,1.70612789,2.7862549,0.13172642,2.43247881,2.74804159,1.71303005,2.15796595
419,0.69305164,1.70615854,2.74548301,0.13203081,2.42295448,2.74695758,1.43266116,1.95055481
420,0.6977417,1.70604058,2.78006177,0.13177385,2.43244738,2.74123482,0.96341349,1.5422035
421,0.68654617,1.70587052,2.70086331,0.13144898,2.42171682,2.74403011,1.26996237,1.80773674
422,0.68283653,1.70556966,2.69507511,0.1317854,2.430152,2.74170626,1.36424076,1.91381924
423,0.67819381,1.70531714,2.64701892,0.13179077,2.40007459,2.74101489,1.15251388,1.72482839
424,0.68189391,1.70540206,2.66378843,0.13163879,2.3937166,2.73647766,0.80400458,1.42109467
425,0.67820649,1.70513626,2.63781993,0.13165147,2.36800306,2.73374911,0.91043094,1.51828998
426,0.67613302,1.70525461,2.62443022,0.13127503,2.36759943,2.73367439,0.7880382,1.4014528
427,0.67209769,1.70481512,2.60904878,0.13130704,2.38750787,2.73280647,1.05551425,1.65478515
428,0.66898689,1.70438423,2.57669099,0.13168593,2.35487543,2.7303255,1.42477488,1.97328446
429,0.67256666,1.70440049,2.59279251,0.13161893,2.36949396,2.72708155,0.8061649,1.45142758
430,0.66405602,1.70395268,2.53341283,0.13143193,2.31567337,2.7287001,1.5266393,2.0472418
431,0.66782047,1.70409626,2.54779301,0.1313307,2.32452208,2.72906998,1.04445793,1.67232018
432,0.66436405,1.7037321,2.52241598,0.13134466,2.31335315,2.72975225,1.24736599,1.84750852
433,0.66707029,1.70362431,2.52795789,0.13153978,2.31431198,2.72952438,1.17068342,1.77680078
434,0.67040105,1.7035827,2.55409244,0.13150061,2.31268993,2.72637789,0.93166219,1.5603346
435,0.66683452,1.70425063,2.54689508,0.13132332,2.30588826,2.73046655,1.13713945,1.72950901
436,0.66490312,1.70323478,2.50457651,0.13154555,2.29122073,2.73188971,1.70721188,2.18406671
437,0.66668409,1.70315287,2.53090207,0.13149485,2.3147839,2.72929423,1.73664787,2.22869961
438,0.67471805,1.70339033,2.56453654,0.13151886,2.3308934,2.73098331,1.12421793,1.73927381
439,0.67787998,1.70384832,2.60774072,0.13182084,2.37137012,2.7322446,1.08802738,1.69090309
440,0.67281679,1.70375257,2.58376166,0.13154005,2.35349051,2.73545467,1.83709286,2.25732698
441,0.68131788,1.70423809,2.62909508,0.13167911,2.3719946,2.73680981,1.09075846,1.69022049
442,0.68290121,1.70428966,2.63980271,0.13155183,2.38384372,2.73890348,1.28512913,1.82979903
443,0.68390813,1.70393269,2.64748906,0.13170838,2.40115095,2.74388465,1.70871518,2.17004718
444,0.69134078,1.70532612,2.72522899,0.13166658,2.4265073,2.74221643,1.29987254,1.85355534
445,0.69624671,1.70427446,2.70024277,0.13214411,2.41844776,2.74496908,1.42527526,1.93332258
446,0.70297965,1.70467728,2.78632782,0.13227677,2.4818886,2.74083703,1.48876235,1.99452012
447,0.70762354,1.70624586,2.85804374,0.13235205,2.5335708,2.75305208,1.43764119,1.93781525
448,0.71282642,1.70689328,2.88690749,0.13235054,2.53282244,2.75462002,1.72067695,2.14852353
449,0.71443563,1.70701354,2.9059861,0.13213364,2.52774717,2.75202861,1.69879212,2.11428271
450,0.73259528,1.70748559,2.9665242,0.1324353,2.58083971,2.76024203,0.86662754,1.38761813
451,0.73271957,1.70776995,2.97371912,0.13248303,2.55588231,2.76319982,1.50966861,1.92111145
452,0.73968001,1.70811223,3.00179928,0.13274851,2.58990504,2.76732638,1.32585958,1.76921573
453,0.74164463,1.70744215,3.02132153,0.13266626,2.5567975,2.76475945,1.89520717,2.21128824
454,0.75865825,1.70844678,3.11321917,0.13280979,2.66294712,2.77111572,0.99781222,1.46209037
455,0.77144892,1.70922859,3.15438552,0.13306169,2.6879569,2.77730855,0.81538393,1.25971613
456,0.7794313,1.70937243,3.17976087,0.13351187,2.71704577,2.78284529,0.96770381,1.37842269
457,0.78064954,1.70918852,3.19274995,0.13347745,2.68746408,2.78175282,1.35796197,1.72229091
458,0.7808966,1.71025417,3.23551575,0.13344037,2.71292973,2.78369718,1.57272327,1.87567511
459,0.78444167,1.7113553,3.32045932,0.13335295,2.73594111,2.78456545,2.05917872,2.28393528
460,0.77728587,1.71220719,3.29442856,0.13358174,2.70362812,2.78637987,2.27230971,2.45905614
461,0.79820741,1.71232595,3.37377617,0.13361644,2.74697298,2.78826537,1.94434897,2.17992991
462,0.79771432,1.71214119,3.38663203,0.13370603,2.73769358,2.78767591,2.12628316,2.32869946
463,0.80927418,1.71232005,3.42502283,0.1336364,2.78112584,2.79143173,1.78613909,2.0588904
464,0.80199593,1.71155321,3.3761348,0.1341701,2.7456091,2.79230258,2.27252347,2.43322086
465,0.81269255,1.71176507,3.43916876,0.13457376,2.72474124,2.78771381,2.46007379,2.58374502
466,0.82066435,1.71331428,3.48728144,0.13482429,2.78357165,2.79502778,2.37503035,2.51414606
467,0.82788766,1.71301313,3.44319049,0.13389493,2.82437172,2.800801,1.14906925,1.41791664
468,0.83329014,1.71314239,3.48082357,0.13436297,2.86764983,2.80353488,1.21707919,1.46855811
469,0.82443942,1.71417473,3.55150819,0.13442761,2.86750541,2.79978448,1.93749513,2.13573757
470,0.82026083,1.71379132,3.49424943,0.13362519,2.85927293,2.80297372,1.60502341,1.85062385
471,0.81738098,1.71409546,3.47591475,0.1339373,2.83223059,2.80016446,1.58369035,1.82093582
472,0.83186945,1.71295179,3.4889209,0.13445869,2.87561289,2.80404669,1.2538829,1.56078828
473,0.81687005,1.71298569,3.45053854,0.13404594,2.80259867,2.79635007,1.58094206,1.82589122
474,0.79695795,1.71241909,3.39559482,0.13344721,2.7147837,2.78781201,2.385168,2.49795879
475,0.79881936,1.7107939,3.34977784,0.13403131,2.74178368,2.7868598,1.97071264,2.22170261
476,0.80101444,1.71302905,3.4426411,0.13363492,2.79165918,2.78564709,1.56575131,1.85687891
477,0.79979156,1.71279262,3.38727544,0.13356108,2.74908064,2.78939372,1.42845677,1.74883069
478,0.7769725,1.71198145,3.29206474,0.13366259,2.67706032,2.78440496,2.22430754,2.4028557
479,0.78120016,1.70992761,3.24497709,0.13304228,2.69335322,2.7800098,1.7240137,2.05398959
480,0.77364361,1.70909793,3.16859994,0.13355977,2.67980918,2.780285,1.32314303,1.72096235
481,0.76435301,1.70985427,3.16956119,0.13271143,2.66503954,2.77253219,1.08548336,1.51357605
482,0.74196015,1.70917199,3.06777965,0.13250048,2.59936791,2.76925481,1.69018276,2.04706485
483,0.7430482,1.70771093,3.08368924,0.13266558,2.66197762,2.75994418,1.72753546,2.14465806
484,0.75024035,1.70774185,3.14505621,0.13300763,2.66514894,2.74529256,1.40700793,1.86556889
485,0.73474986,1.71062492,3.09392587,0.13313871,2.60541304,2.76551274,2.06052472,2.33443294
486,0.72623083,1.71047925,3.00011289,0.13290185,2.59273252,2.76721541,0.92404066,1.32145368
487,0.73930006,1.70873465,3.06537044,0.13277141,2.64892953,2.74524282,0.42051975,0.94541128
488,0.71671553,1.7070723,2.98173186,0.13217929,2.56913774,2.73837108,1.52361122,2.00088311
489,0.71993719,1.70606989,2.969138,0.13209492,2.52603665,2.73059259,0.5556737,1.14566249
490,0.70951634,1.7071752,2.87311439,0.13188125,2.46042785,2.74543155,0.66394846,1.22683542
491,0.6852468,1.70577485,2.70065131,0.13202356,2.40216972,2.7486916,1.98220784,2.2903129
492,0.69263834,1.70444091,2.72341534,0.13191616,2.4014742,2.74243573,2.14008794,2.46807549
493,0.68868929,1.70507672,2.71991987,0.1323518,2.40037457,2.73882224,1.87422535,2.32971222
494,0.69387974,1.70466924,2.72969848,0.13201367,2.48555535,2.7325236,1.20702104,1.83287397
495,0.68705215,1.70556287,2.67785743,0.1318113,2.40521443,2.73964768,0.72437993,1.34793225
496,0.68286188,1.7054396,2.66169173,0.1317562,2.40662412,2.74100699,0.95592141,1.54442212
497,0.68038665,1.70374972,2.57568088,0.13156825,2.36789061,2.74406998,0.53824185,1.1009252
498,0.68388499,1.70469459,2.65051396,0.13182873,2.4083563,2.73764902,0.42898496,1.03472796
499,0.67140866,1.70300213,2.52915552,0.13138098,2.35072237,2.74313585,0.4153138,0.98747012
500,0.67136112,1.70422334,2.55671933,0.13156126,2.3367963,2.73576317,0.90671716,1.47363517
501,0.68076097,1.7050522,2.6412148,0.13192222,2.39688721,2.73751296,0.41269242,1.00639316
502,0.67191098,1.70452984,2.5524109,0.13147069,2.32722793,2.73685079,0.80977806,1.4503145
503,0.66543305,1.70337098,2.49173232,0.13119482,2.27350415,2.7301898,0.87353846,1.47723305
504,0.65665985,1.70225549,2.43669035,0.13155312,2.26643466,2.73440035,2.21854344,2.39224629
505,0.66266145,1.70031145,2.51299269,0.13119949,2.28696884,2.70791076,2.44950945,2.57277573
506,0.67631889,1.70489028,2.61033323,0.13163761,2.33131921,2.72742023,0.40067874,0.98798412
507,0.66673612,1.70436966,2.54167051,0.13103854,2.31696475,2.73198454,1.01811169,1.6345512
508,0.65985368,1.70274563,2.48903987,0.13137382,2.31060205,2.73161713,1.62645071,2.14347375
509,0.67109555,1.70306011,2.53005993,0.13185746,2.30558451,2.73034519,1.32629475,1.88217795
510,0.68966811,1.70390002,2.69623861,0.13231904,2.45807115,2.72881885,0.57376282,1.20988543
511,0.68311701,1.70458861,2.63339277,0.13188023,2.40169115,2.74292511,0.65713624,1.26018635
512,0.67324538,1.70455747,2.62174692,0.13116823,2.3820878,2.73546441,1.41763777,1.95789754
513,0.67881249,1.70421791,2.64239483,0.13163199,2.35249399,2.73235644,2.18464509,2.45138948
514,0.68760979,1.70496654,2.67191445,0.13153037,2.35239848,2.73700761,0.78289146,1.35781971
515,0.69869632,1.70507306,2.73959642,0.13185707,2.42356394,2.74066182,0.75155097,1.35449895
516,0.69146365,1.70519596,2.68443045,0.13156622,2.39262937,2.74315172,0.82272802,1.39831593
517,0.70441531,1.70501628,2.74166238,0.1319202,2.4606336,2.74901078,0.43720154,0.99126613
518,0.70977407,1.70584072,2.79576453,0.13234881,2.47910288,2.75085213,0.64199966,1.19079562
519,0.69933617,1.70592982,2.77972426,0.13192184,2.46979166,2.75602875,2.06437313,2.30781617
520,0.72576631,1.70637459,2.92753086,0.13308857,2.56238139,2.75201295,0.94768637,1.5226447
521,0.73387688,1.70784466,2.96108239,0.13306118,2.58628689,2.76332491,0.55618814,1.05931548
522,0.7398601,1.70815432,2.99108815,0.13295408,2.55760935,2.76285132,0.64134647,1.07289196
523,0.76399454,1.70837204,3.12630279,0.13291851,2.61971395,2.76292656,0.34600239,0.84535838
524,0.73892294,1.7090519,3.0503436,0.13228019,2.62533918,2.76562102,0.59659997,1.11855152
525,0.75056537,1.70778546,3.09282667,0.13282004,2.67612537,2.77569696,1.31431236,1.74751712
526,0.75949194,1.70765461,3.08067173,0.13316362,2.64959813,2.7759027,1.35988726,1.80850876
527,0.75036653,1.70819158,3.09865079,0.13295651,2.64597341,2.77728788,2.06047115,2.26807791
528,0.76347213,1.71013729,3.20360333,0.13351371,2.66512802,2.77626073,2.14666902,2.34926081
529,0.76976404,1.70979869,3.29086511,0.13392799,2.74756786,2.77962379,2.43699148,2.58525329
530,0.76826396,1.71071263,3.24258475,0.13347514,2.70786268,2.78418351,2.22095731,2.46314577
531,0.78835872,1.70935614,3.29429632,0.13358177,2.7248577,2.77866114,2.10867167,2.34980778
532,0.8093839,1.71075322,3.46980133,0.13439209,2.87396155,2.7919272,0.75782603,1.13673845
533,0.79535853,1.71150038,3.38881321,0.13385104,2.809135,2.79779344,1.90653805,2.1640721
534,0.81214093,1.71204868,3.37449878,0.13391016,2.82186866,2.7977897,1.06035381,1.37144637
535,0.80351246,1.7124567,3.4020652,0.13387451,2.78382415,2.79520519,2.06802951,2.23485048
536,0.85581843,1.7113381,3.65003081,0.13482887,2.94828544,2.76171368,0.57417453,0.96432491
537,0.82274562,1.71344045,3.58856758,0.13402757,2.82966667,2.7738556,1.76655733,1.95333214
538,0.80054028,1.71369419,3.5285151,0.13356382,2.85451781,2.77618861,2.42719831,2.52737345
539,0.8258936,1.71267054,3.45865143,0.1340639,2.87618403,2.80252026,1.00482598,1.21496183
540,0.79189264,1.71164791,3.30506172,0.1337185,2.70362874,2.79005255,1.32856881,1.5315556
541,0.81397252,1.71224502,3.52189473,0.13400372,2.71851491,2.78131632,2.3385462,2.44510735
542,0.82670242,1.71364455,3.46735218,0.13305477,2.85887918,2.79990255,0.48086222,0.78511903
543,0.79142986,1.71303718,3.36252932,0.13399352,2.72559508,2.79117117,2.00668044,2.12365312
544,0.80880719,1.71264045,3.44638438,0.13375909,2.85216389,2.79486647,1.09191547,1.34074691
545,0.8233009,1.71206324,3.38610262,0.13441782,2.86374831,2.80206528,0.47557985,0.75269385
546,0.85208633,1.71318379,3.53256337,0.1341327,2.91958722,2.80585818,0.4526164,0.8154616
547,0.81625691,1.71376937,3.48518626,0.13392006,2.84114269,2.7946303,0.65570017,1.05540933
548,0.83176642,1.71257309,3.59792299,0.13377188,2.83438938,2.78802559,0.72115685,1.1655747
549,0.82518401,1.71346765,3.59823815,0.13402478,2.80224756,2.79131274,1.03568485,1.40554455
550,0.79165643,1.71353279,3.34609427,0.13363719,2.74649705,2.79036477,0.58929869,0.99252002
551,0.77647685,1.70986972,3.28216858,0.13348558,2.75315942,2.7633312,1.15061301,1.56046754
552,0.78436942,1.70977804,3.30008334,0.13355694,2.74562601,2.76319531,1.16932008,1.54847053
553,0.7404988,1.71062095,3.10006915,0.13304408,2.51781599,2.76656891,2.29579082,2.41618603
554,0.76121901,1.70984245,3.14142088,0.13323729,2.64418502,2.77192098,1.20433672,1.61198072
555,0.74660159,1.71053094,3.12190044,0.13284605,2.65682165,2.76908026,0.89689613,1.36315691
556,0.75443805,1.70921592,3.14238431,0.132729,2.70197617,2.76721817,1.21878938,1.67560738
557,0.74232432,1.71071837,3.08155939,0.13246995,2.63178715,2.76861401,0.38928956,0.87695828
558,0.7247002,1.70741489,2.91938381,0.13235274,2.57481211,2.76806984,0.66548523,1.19896478
559,0.71120113,1.70760893,2.8917494,0.1323039,2.54939632,2.76213925,1.13783011,1.61033574
560,0.71827303,1.70725812,2.90269379,0.13226119,2.53059544,2.75410222,0.92500097,1.45153186
561,0.71209212,1.70755167,2.84879698,0.1320222,2.46357584,2.75246385,0.66924675,1.20143016
562,0.71860973,1.70851974,2.94815344,0.13212944,2.51407222,2.75075555,0.4444675,0.95994888
563,0.72139849,1.70680013,3.02891703,0.13230962,2.51580245,2.7390529,0.62164912,1.19053278
564,0.68527937,1.7073219,2.75275422,0.13191732,2.45793252,2.75792955,1.94098914,2.26145569
565,0.6930734,1.70575454,2.72599606,0.13214405,2.40854732,2.74381875,0.84959078,1.4435984
566,0.69709045,1.70543549,2.70978715,0.13179977,2.44049038,2.74855474,0.47373322,1.03926351
567,0.69451581,1.70480357,2.658997,0.1321868,2.41679001,2.74835265,0.51084534,1.06591603
568,0.6772342,1.70362044,2.5775583,0.13171597,2.35233579,2.74153014,1.76472802,2.17761781
569,0.6635264,1.70306803,2.50429617,0.13118214,2.28021196,2.73515466,2.383019,2.52943759
570,0.67493296,1.70364795,2.58245461,0.13160188,2.36254823,2.73643092,0.64957868,1.29531511
571,0.67528396,1.70388833,2.55640706,0.13171152,2.35020595,2.73990185,0.34275585,0.89171291
572,0.66889589,1.70330339,2.48663123,0.13110521,2.30269131,2.7372895,0.46228886,1.02988657
573,0.66199754,1.70254132,2.47541171,0.13103862,2.30023332,2.73586947,1.72557854,2.14738047
574,0.67295064,1.70381496,2.57552172,0.1317429,2.35608682,2.73031955,0.78300668,1.41464862
575,0.66353932,1.70405147,2.5406922,0.13165546,2.33723437,2.72995388,1.92040973,2.29620543
576,0.67407328,1.70431308,2.57880457,0.13182911,2.35883509,2.73691541,0.60681782,1.24204874
577,0.66352548,1.70468789,2.55259293,0.13164545,2.33294897,2.73760739,2.20855251,2.34206992
578,0.67739927,1.7037618,2.59976671,0.13146709,2.3813218,2.72763556,0.80695891,1.48019388
579,0.66166619,1.70396533,2.52849962,0.1316399,2.30944694,2.72988731,2.10291791,2.37072776
580,0.68151508,1.70501897,2.67130637,0.13158102,2.371089,2.72646568,0.55276557,1.17073391
581,0.66910161,1.70214844,2.536392,0.13103233,2.37190967,2.74417057,1.12903963,1.7111184
582,0.6601725,1.70031252,2.44122037,0.13155576,2.29714619,2.74064689,1.78408517,2.22526378
583,0.67383407,1.70164115,2.53959658,0.1315135,2.34732252,2.73665582,0.71576652,1.35354228
584,0.66628292,1.6997373,2.47916343,0.13186617,2.33834049,2.74211323,1.77310829,2.18093732
585,0.68753193,1.70268777,2.62635433,0.13186012,2.41138086,2.74212437,0.41742439,1.0131327
586,0.69647237,1.70447761,2.70015819,0.13180249,2.4519317,2.74776233,0.44729807,1.0174716
587,0.68926659,1.70518718,2.66328941,0.13174663,2.39784932,2.74584669,0.41350456,0.96074787
588,0.68992201,1.70473908,2.66695115,0.13165534,2.40012438,2.74364858,0.56435807,1.12064554
589,0.69867309,1.70472984,2.72410444,0.13168444,2.45483904,2.74918249,1.02140886,1.54476842
590,0.71079067,1.70595015,2.85587804,0.13235922,2.49708788,2.74128128,0.78983607,1.36420357
591,0.71431875,1.70684146,2.88599229,0.13197219,2.53468277,2.75373597,1.25933702,1.76364486
592,0.6937064,1.70702416,2.79143941,0.13209322,2.45501518,2.75562532,2.13636947,2.38447756
593,0.70874273,1.70710823,2.88233564,0.13200209,2.50010738,2.75048214,2.16679703,2.47607669
594,0.72735379,1.70754702,2.94027579,0.13247258,2.54004648,2.75716469,0.94445758,1.46458688
595,0.7493293,1.70826134,3.10924378,0.1327397,2.61719652,2.75847317,1.09892908,1.60149654
596,0.75751286,1.70977724,3.17490456,0.13336279,2.65797831,2.76221845,0.4557602,0.97273122
597,0.76140483,1.71106029,3.21426141,0.13335935,2.66795052,2.77042277,0.9302272,1.32568789
598,0.77099233,1.71157331,3.29219083,0.13312042,2.72848359,2.77119497,1.30243393,1.65715206
599,0.79049466,1.71080975,3.35082499,0.1330928,2.73870481,2.77222196,0.5596307,1.05818628
600,0.79037811,1.71211101,3.31763653,0.13327883,2.80420684,2.79048018,0.64582169,1.04645639
601,0.79610684,1.71209839,3.39047847,0.13319998,2.85241561,2.79416585,1.0690961,1.42104426
602,0.80351791,1.71268768,3.38915751,0.13372642,2.81345983,2.79165541,0.59524259,1.0087357
603,0.7824945,1.71172595,3.34617739,0.13360843,2.71208701,2.78107106,1.69134085,1.98507933
604,0.81120009,1.71249098,3.37250828,0.13393614,2.7945402,2.79291812,0.98486834,1.27206932
605,0.78535797,1.71186736,3.323057,0.13297717,2.78693475,2.79373696,1.65564217,1.86555649
606,0.81274458,1.70895962,3.35784302,0.13334388,2.862915,2.79509078,0.46668654,0.85555584
607,0.82458716,1.71063349,3.53691698,0.13409677,2.93692124,2.79681823,1.09171013,1.44512289
608,0.80950691,1.71242053,3.41991678,0.13447387,2.81762026,2.80146511,1.92330819,2.07549936
609,0.80343309,1.70925415,3.36400321,0.13409053,2.79658768,2.79591397,2.43517486,2.5285025
610,0.83855108,1.71383522,3.52499473,0.13441943,2.90134572,2.80224147,0.77876687,1.116379
611,0.83939681,1.7132489,3.55095274,0.13479643,2.90031189,2.80524372,1.33495495,1.65294681
612,0.8422048,1.7141131,3.60137968,0.13476043,2.87955365,2.80249576,1.97092391,2.1761994
613,0.83336922,1.71375798,3.49984742,0.13445749,2.86254121,2.80365051,0.68418466,1.04893629
614,0.84955429,1.711924,3.44775595,0.13373209,2.91773116,2.80954297,0.60862341,0.86906165
615,0.84859921,1.71310611,3.57792391,0.13488139,2.8844676,2.80121389,1.38153508,1.61141533
616,0.82455189,1.71321035,3.5215889,0.1341926,2.81526188,2.79345284,0.85622411,1.18836709
617,0.83809839,1.71416396,3.5665454,0.13464753,2.93085483,2.80396983,0.54624998,0.93910687
618,0.80924551,1.71259932,3.36506052,0.13391565,2.85762823,2.80320244,0.46324337,0.81883712
619,0.78249397,1.7109244,3.27508826,0.13282936,2.75106802,2.79283447,1.59466086,1.87511239
620,0.79848637,1.71169856,3.37479636,0.13362295,2.74813505,2.78462676,1.43911944,1.72831211
621,0.78421625,1.71076956,3.2745857,0.13321823,2.69719418,2.78559811,1.97651402,2.23405174
622,0.76880436,1.70910832,3.14089289,0.13311534,2.6300816,2.78195353,2.1116042,2.30251264
623,0.78606969,1.70987636,3.26650187,0.13384751,2.71973623,2.77688242,0.7480744,1.15300528
624,0.771909,1.7090791,3.23943198,0.13272901,2.6771517,2.76905054,1.38223674,1.79299503
625,0.77096864,1.70898742,3.21884981,0.13348468,2.74650308,2.78328253,0.81209036,1.27635246
626,0.76949988,1.70984654,3.18472105,0.13320089,2.70811015,2.78000846,0.93071534,1.35450251
627,0.79298346,1.71077523,3.32356102,0.13353716,2.78060411,2.77448412,0.445637,0.93047262
628,0.7472981,1.70943281,3.07401561,0.13248058,2.65725221,2.77983723,1.07016237,1.53119575
629,0.75231159,1.70881199,3.10096489,0.13269372,2.62759711,2.76186044,0.63877092,1.15687852
630,0.71663297,1.70909678,2.96825762,0.13223259,2.52381618,2.76005196,1.93654379,2.21497392
631,0.72708215,1.70741115,2.90892889,0.13275803,2.52894492,2.75892812,0.48375837,0.97912663
632,0.71363729,1.70587588,2.80774413,0.13200315,2.50396682,2.75946045,0.49322555,0.97529753
633,0.70849324,1.70651279,2.85863143,0.13224715,2.52223766,2.75489325,1.60429201,2.03577934
634,0.6942372,1.70540065,2.73050568,0.13226127,2.43208806,2.75497033,2.35614184,2.50893841
635,0.69945231,1.7048813,2.71690911,0.13193428,2.43980608,2.74940342,0.95005087,1.53104403
636,0.69606991,1.70554639,2.73259458,0.13208439,2.43636897,2.74370232,0.46572721,1.06512752
637,0.68079111,1.70413467,2.61639853,0.13163929,2.3815298,2.74761634,1.57926254,2.01095119
638,0.68325722,1.70361391,2.66161464,0.13181703,2.41667212,2.74296373,2.11506354,2.45190741
639,0.68311636,1.70599324,2.67181563,0.13130947,2.39847292,2.73978031,0.76756547,1.38669979
640,0.68573938,1.70591257,2.66767569,0.13147219,2.38584504,2.74200285,0.76109674,1.30821142
641,0.68383566,1.70407929,2.65404541,0.13182452,2.34138123,2.72867355,0.56304031,1.18971022
642,0.67181972,1.70487564,2.62895986,0.13167616,2.33723717,2.72812937,1.38595217,1.9075771
643,0.66676006,1.70442335,2.58264385,0.13148567,2.34270866,2.73312142,2.251982,2.47511173
644,0.66765368,1.70318743,2.53285562,0.13086869,2.31358137,2.72876454,1.44360791,2.06045738
645,0.67352291,1.70427463,2.57955294,0.13152852,2.33186731,2.730464,0.73710072,1.35429284
646,0.65723622,1.70318412,2.43906344,0.13154867,2.26873399,2.73526079,1.68300906,2.13343783
647,0.66903965,1.70276793,2.49610478,0.13133607,2.30451957,2.73212936,0.91142923,1.57245305
648,0.66954504,1.70255648,2.51380681,0.13115434,2.33639826,2.73752611,0.35162786,0.907337
649,0.66208368,1.70373829,2.49344465,0.13137364,2.29705756,2.7337657,1.06592422,1.60080315
650,0.67164768,1.70318412,2.53683804,0.13099475,2.3213185,2.72941949,0.56038433,1.18178264
651,0.67668093,1.70377089,2.58208806,0.13136462,2.36398792,2.73633897,0.79404595,1.41511434
652,0.6748648,1.70391279,2.58947312,0.13177218,2.3739693,2.73961259,0.46653252,1.09633074
653,0.67302149,1.70283117,2.5712923,0.13172476,2.3696139,2.74176043,0.74413942,1.37267511
654,0.67911766,1.70473135,2.61858531,0.1318921,2.3830134,2.73961418,0.71303156,1.3114174
655,0.68410133,1.70466215,2.62611105,0.13147205,2.37562068,2.73894903,0.55875972,1.14788325
656,0.67598311,1.70406851,2.59664317,0.13204983,2.37977264,2.7450106,1.80957378,2.19307919
657,0.68380021,1.70480583,2.65419424,0.13143561,2.39514127,2.74119621,1.01301023,1.63705978
658,0.6813222,1.70321345,2.64698667,0.13178445,2.37841139,2.72874425,1.9668793,2.33329233
659,0.68568015,1.70443785,2.67194938,0.13137148,2.37010559,2.73795361,1.59711224,2.12008988
660,0.68957439,1.70365279,2.65044851,0.13152582,2.396843,2.74384371,1.01825952,1.62395233
661,0.69712838,1.70417176,2.72919139,0.13187933,2.46686107,2.74870168,0.59555807,1.17742928
662,0.71214246,1.7064223,2.86689928,0.13225048,2.54351499,2.75035068,0.73454538,1.29967386
663,0.70608729,1.70759634,2.85954242,0.1317979,2.52514378,2.75248509,0.64349707,1.15565047
664,0.71043689,1.70787235,2.86986864,0.13203418,2.53159985,2.7575815,0.83723207,1.35222359
665,0.71361242,1.70726747,2.92671119,0.13248724,2.54416913,2.75719537,1.99897954,2.27306409
666,0.72992322,1.70658567,2.99525076,0.13229788,2.59894512,2.74185574,1.09854355,1.66805444
667,0.72254958,1.70588779,3.00858984,0.1328869,2.45347941,2.74600895,2.15925695,2.3808748
668,0.7491433,1.70868572,3.09032479,0.13248196,2.61419935,2.76119832,0.50662833,0.98830917
669,0.75625783,1.70885922,3.08335144,0.13307403,2.62754641,2.7696817,0.86268115,1.25917046
670,0.73713372,1.70974065,3.070371,0.13340864,2.61173281,2.77144254,2.02202467,2.26210141
671,0.75098334,1.70809606,3.05904899,0.13366231,2.64799207,2.77687586,1.65069109,2.00656159
672,0.78181157,1.70902767,3.29302317,0.13321053,2.78357091,2.77304899,1.62515926,2.04797721
673,0.76760326,1.70948866,3.24405817,0.1331291,2.72615568,2.78692338,2.24208512,2.45829234
674,0.76038001,1.71018898,3.22070712,0.13294705,2.6606173,2.77527793,2.20307876,2.45690808
675,0.79297964,1.71121448,3.3478735,0.13365464,2.78330792,2.7825648,1.18488629,1.56733903
676,0.8059547,1.70999747,3.32824526,0.13344763,2.82967785,2.79503593,0.84573729,1.22665004
677,0.83581192,1.71081208,3.54104994,0.13420711,2.86939336,2.77272921,0.49900333,0.90437319
678,0.81311618,1.71250488,3.48735861,0.13420444,2.75697168,2.77998864,1.98654546,2.11029586
679,0.82562925,1.71300839,3.43631472,0.13368386,2.84023729,2.79941269,0.81834295,1.10559263
680,0.83490502,1.71332841,3.45071719,0.13429445,2.89859565,2.80504721,0.58555407,0.86108951
681,0.80865999,1.71295342,3.38368936,0.13395905,2.83801602,2.80070697,0.99787419,1.28595212
682,0.81937616,1.71319483,3.48888391,0.13452425,2.85511551,2.80044757,1.77756592,1.97020295
683,0.80377855,1.71271704,3.47015673,0.13415486,2.76146618,2.7865887,2.41712126,2.51960005
684,0.80803526,1.71148767,3.46606993,0.13451144,2.79458716,2.7715783,2.26101512,2.46378861
685,0.81447004,1.71034324,3.45194055,0.13396766,2.75478514,2.77686864,1.60381998,1.90847739
686,0.83706301,1.71314055,3.57941205,0.13429982,2.84602125,2.78897273,1.44970989,1.70567223
687,0.81133664,1.71365965,3.4681485,0.13394071,2.77389702,2.79467218,2.16208503,2.27611515
688,0.82362633,1.71313152,3.49371929,0.13389896,2.88205838,2.79636658,0.75600496,1.09712188
689,0.77643769,1.70968031,3.27434244,0.13357882,2.72431893,2.79329178,2.05166074,2.19027558
690,0.78135725,1.71078162,3.30564834,0.13423938,2.68774942,2.78314403,2.4535142,2.56451894
691,0.79266404,1.71252482,3.34531707,0.13305038,2.77808534,2.78513825,0.65118982,1.00309899
692,0.81755378,1.71212858,3.50607542,0.13370817,2.79374273,2.78166401,0.86704777,1.14662845
693,0.82619801,1.7129771,3.56897158,0.13403078,2.82978043,2.78462633,0.44499988,0.86406891
694,0.77634315,1.71275086,3.26441775,0.13380541,2.73772485,2.79295524,1.38060562,1.68337397
695,0.75035623,1.71126423,3.18942263,0.13318923,2.64287064,2.78110367,2.35364464,2.4632711
696,0.76625824,1.71021608,3.16757971,0.13311398,2.69405147,2.78070415,1.16138053,1.50780238
697,0.77927577,1.70862322,3.2770358,0.13378231,2.7002264,2.76309346,1.14507233,1.58181806
698,0.76137253,1.70972333,3.15082632,0.1329776,2.68876583,2.77903488,1.23370315,1.71375222
699,0.75549981,1.70997881,3.16776814,0.13293804,2.6689403,2.77025631,1.28201849,1.75188497
700,0.74443828,1.70930342,3.0625053,0.13269347,2.6252993,2.77539277,1.85413047,2.19456441
701,0.72718588,1.7075503,2.90139286,0.13184779,2.55052725,2.76736397,0.68793121,1.23268501
702,0.73755516,1.70684539,2.97816983,0.13263643,2.60724945,2.76519472,0.82080905,1.37629915
703,0.70849936,1.7067922,2.87644058,0.13223956,2.53811685,2.76447289,2.07872556,2.34722298
704,0.69995554,1.7060139,2.81682812,0.13215315,2.48820471,2.75859513,2.23406313,2.50577666
705,0.71539154,1.70486272,2.8840042,0.13187845,2.51944023,2.73164338,0.82608844,1.44942327
706,0.69685289,1.70702369,2.78616663,0.13231464,2.44704398,2.75107436,2.10849514,2.34692748
707,0.70004867,1.7061438,2.7643242,0.13204929,2.46748049,2.74935816,0.92246889,1.55685961
708,0.70425964,1.70708034,2.84236917,0.13251011,2.5002593,2.74996896,1.40958538,1.93091923
709,0.68810143,1.70637153,2.70927172,0.13171112,2.42684073,2.74793029,0.77174399,1.40526204
710,0.69236748,1.70565158,2.73986132,0.13202812,2.44062399,2.73808692,1.00031197,1.58855254
711,0.68793651,1.70578358,2.69426779,0.1315919,2.39066361,2.73855975,0.90567784,1.52117473
712,0.67684635,1.70458014,2.64309641,0.13132169,2.32403039,2.73065137,1.38734172,1.91929453
713,0.67691082,1.70357679,2.57406093,0.13169436,2.34953649,2.73654992,1.02542463,1.65313332
714,0.67014581,1.70354593,2.53006523,0.1313954,2.32777547,2.73583663,1.30703483,1.8754091
715,0.67227655,1.7041743,2.55348414,0.13145289,2.32691235,2.73452257,0.80671516,1.37315522
716,0.6701823,1.7041214,2.55483056,0.13129515,2.335616,2.73282821,0.52821765,1.11830365
717,0.65559607,1.70256681,2.41578228,0.13131626,2.25800661,2.73663205,1.8767387,2.22508427
718,0.6593025,1.7021993,2.45085132,0.13131843,2.25324443,2.72552138,1.1840767,1.8062197
719,0.66561347,1.70238394,2.54317834,0.13161255,2.28965028,2.72136908,1.2653974,1.88767282
720,0.6635527,1.70348468,2.51443424,0.13133622,2.29047297,2.7286501,1.70805448,2.1968891
721,0.66350465,1.70266007,2.51108314,0.13132099,2.32489526,2.72458287,1.86521966,2.33132354
722,0.66447461,1.70332317,2.52421583,0.13137968,2.33077802,2.72996984,1.49776993,2.06386249
723,0.66499521,1.70289618,2.48431036,0.13119931,2.26887603,2.73105209,1.62714433,2.14750253
724,0.66792364,1.70313545,2.54344234,0.13149287,2.31867354,2.72676247,1.42303949,1.99460044
725,0.66572378,1.70395656,2.57423164,0.13178031,2.34713295,2.72738883,1.94535637,2.35311382
726,0.66919467,1.70475592,2.59639967,0.13157288,2.3401275,2.73284834,1.83321274,2.29980272
727,0.67677978,1.70459754,2.61571367,0.13176604,2.35236854,2.73449025,1.14278308,1.7526132
728,0.68017949,1.70428451,2.62023685,0.1316279,2.37227556,2.73552922,0.98967216,1.60471538
729,0.67854524,1.70420308,2.64209781,0.13176392,2.40474419,2.73522079,1.5908907,2.07788438
730,0.68039056,1.70427857,2.62715718,0.13177924,2.3743543,2.73920011,1.71522956,2.18464876
731,0.69153522,1.70519402,2.72958743,0.13149308,2.44640076,2.73792667,0.8577348,1.46029591
732,0.69001322,1.70569214,2.768931,0.13159059,2.48842958,2.74234219,1.69083491,2.12965278
733,0.69367092,1.70590742,2.75803393,0.13215318,2.45106114,2.74677163,1.88961999,2.30237122
734,0.69847761,1.70554151,2.76740288,0.13210233,2.44772696,2.7487933,1.93570727,2.3398078
735,0.71011702,1.7063315,2.82665444,0.13241233,2.50528159,2.75337567,0.91607639,1.48321192
736,0.70685189,1.70610451,2.80288715,0.13232202,2.48386935,2.75658588,1.53980573,1.97790249
737,0.71964783,1.70586877,2.84884569,0.13198828,2.51370441,2.75732402,1.1106786,1.61426886
738,0.7320381,1.70598894,2.88922409,0.13239469,2.54933117,2.76165146,0.7673385,1.27953839
739,0.72675038,1.70594613,2.88370716,0.13270982,2.51952748,2.76164974,1.54706252,1.94048267
740,0.73379086,1.70721227,3.00621667,0.13286981,2.57207242,2.75897494,1.96842246,2.27932618
741,0.75347957,1.70764744,3.05604236,0.13283041,2.64411898,2.77030929,0.86881556,1.34068993
742,0.75700877,1.7081859,3.06616145,0.13299135,2.64353073,2.77464079,1.15361054,1.55911867
743,0.76362687,1.70839335,3.11962591,0.1331074,2.66422077,2.77435211,1.15472257,1.56668081
744,0.77273633,1.70940411,3.21249776,0.13288194,2.69884397,2.77439812,1.41873181,1.77948084
745,0.77452604,1.70981371,3.25913245,0.1331495,2.66171039,2.77419406,2.1594687,2.37987923
746,0.79530204,1.71086786,3.34301037,0.13357234,2.7237546,2.77940118,1.12454594,1.49280459
747,0.80284275,1.71298743,3.44966636,0.13390985,2.80388418,2.7847108,1.21144071,1.55320883
748,0.79843203,1.71217744,3.3446693,0.13353205,2.73506482,2.79103013,1.66345109,1.91987088
749,0.80794399,1.71112248,3.35604333,0.13386367,2.75045206,2.7906928,1.56998316,1.86015346
750,0.81122374,1.7135698,3.45130235,0.13376924,2.82251539,2.79463445,1.29827813,1.61358045
751,0.82456773,1.71250167,3.43993041,0.13406564,2.83924123,2.79956441,1.05619125,1.38804386
752,0.8201381,1.7129491,3.43747828,0.13429768,2.79988154,2.79800102,1.43375598,1.68311663
753,0.81825874,1.71296322,3.46021693,0.13375848,2.82238104,2.79602242,1.41266137,1.66518752
754,0.82078828,1.71438255,3.51326467,0.1342685,2.85251624,2.79802556,1.315788,1.55401652
755,0.84357532,1.71506364,3.6296319,0.13405805,2.8958519,2.80011209,1.03851017,1.32826928
756,0.84316943,1.7145608,3.58088834,0.13445965,2.860221,2.80315331,1.20714322,1.44185822
757,0.83017187,1.71477891,3.56790528,0.13410719,2.88870233,2.80000972,1.17296867,1.45082943
758,0.83059662,1.71429595,3.54676614,0.13411543,2.81544768,2.7982841,1.26218267,1.49680506
759,0.83542796,1.71305006,3.54684209,0.13427621,2.8193756,2.79528252,1.34466958,1.62338445
760,0.8139176,1.71206521,3.42957888,0.13456285,2.74283204,2.79336279,2.0171073,2.21868965
761,0.80900853,1.71239616,3.41772418,0.13386212,2.76725637,2.7930471,1.98389452,2.19896237
762,0.80452747,1.71141475,3.41962714,0.13423214,2.74134471,2.78355153,2.34999738,2.50741139
763,0.81491143,1.71286126,3.44446425,0.13370252,2.83450651,2.79361601,1.05342271,1.39917421
764,0.81129474,1.71360635,3.46940378,0.13364739,2.83896578,2.79168665,1.07364666,1.42188974
765,0.7862735,1.7125603,3.3551967,0.13353923,2.76904823,2.7877129,1.63803001,1.90448576
766,0.79237188,1.71178008,3.29966033,0.13354909,2.77724391,2.79156431,0.9540418,1.34201768
767,0.77524603,1.71242986,3.30087757,0.13337884,2.74471679,2.78514874,1.39135428,1.75604332
768,0.76311025,1.71087704,3.1922796,0.13314276,2.66776217,2.78083136,1.69029598,2.02879104
769,0.76592706,1.70981713,3.24256599,0.13305721,2.76435163,2.75703751,1.35310729,1.77957908
770,0.75500872,1.70970511,3.14672713,0.13312052,2.67302336,2.77206593,1.65550413,2.03591873
771,0.75460729,1.7095423,3.13064703,0.13301236,2.68623972,2.77598195,1.14197905,1.60661075
772,0.74039245,1.70788374,3.01879345,0.13270162,2.62090673,2.772881,1.28393302,1.72108784
773,0.7387202,1.70733413,2.98182778,0.13284558,2.59392331,2.7669982,1.06635108,1.54737592
774,0.72628705,1.70628918,2.88864351,0.13245257,2.54991949,2.76477694,0.93829367,1.45414546
775,0.72048896,1.70663978,2.90583249,0.13253801,2.53276192,2.75619196,1.51605363,1.95255587
776,0.71667002,1.70754565,2.917742,0.13183642,2.54282235,2.75207014,1.19946089,1.70765579
777,0.70912691,1.70800854,2.87908634,0.13190292,2.50329309,2.75435303,1.20277309,1.7150008
778,0.70435578,1.70780845,2.8399551,0.1316974,2.48231011,2.75199508,0.9437714,1.48925707
779,0.70033468,1.70633635,2.77136297,0.13188431,2.45270841,2.74985029,1.11176101,1.66188375
780,0.69479827,1.70635861,2.75851201,0.13185358,2.4226888,2.74468341,1.03826216,1.60287199
781,0.68945598,1.70549001,2.69514514,0.13163649,2.41118527,2.74335704,0.97894149,1.55644815
782,0.68521214,1.70530334,2.66466191,0.13185927,2.39402505,2.74345574,1.22632948,1.78105691
783,0.68279351,1.70509473,2.65352179,0.13158424,2.37615095,2.73879557,1.15333572,1.72403958
784,0.6816348,1.70520194,2.64831879,0.13165556,2.36696757,2.73759013,1.13872715,1.72612316
785,0.67502481,1.70533595,2.62520759,0.13160286,2.3707543,2.73873581,1.437346,1.97887268
786,0.67659331,1.70443585,2.57475281,0.13148337,2.33519953,2.73811876,0.95387559,1.58427008
787,0.67121244,1.70425467,2.57192207,0.13145427,2.3438665,2.73450073,1.21119312,1.80436336
788,0.66530092,1.70319506,2.49560136,0.13135275,2.29148201,2.73440357,1.70939581,2.19153401
789,0.66938503,1.7037093,2.5290736,0.13132965,2.30825895,2.73274041,0.9850865,1.62851989
790,0.66669393,1.70437242,2.55058844,0.13132619,2.30179487,2.73055852,1.21840519,1.80334216
791,0.66696791,1.70315418,2.51365241,0.13113746,2.27708013,2.72821278,1.247057,1.84465356
792,0.66824464,1.70345369,2.53523975,0.13154581,2.32023317,2.72702949,0.94525057,1.5734035
793,0.66981895,1.70388787,2.54136878,0.1311274,2.31664608,2.72974156,0.7107989,1.340265
794,0.66840358,1.70364886,2.54754228,0.13156381,2.33850342,2.72558522,0.91660811,1.53139866
795,0.66775108,1.70323207,2.52248313,0.13153583,2.32103262,2.72996011,1.2152898,1.80669747
796,0.66965633,1.70357055,2.55283953,0.13140342,2.33731986,2.72820747,1.05614076,1.67174148
797,0.67134401,1.70416671,2.58197557,0.13148256,2.334283,2.72914294,1.00088632,1.61483681
798,0.67559254,1.70466823,2.58972107,0.13163779,2.32860272,2.73411469,0.76907635,1.37836233
799,0.67862883,1.70444451,2.60404881,0.13177394,2.35294283,2.7358438,0.79871713,1.41372121
800,0.68265335,1.70488636,2.62625005,0.13187334,2.37010178,2.73932068,0.66527887,1.26650654
801,0.68297784,1.70521221,2.66049774,0.13179861,2.39646348,2.73993348,0.87970566,1.48075492
802,0.68426232,1.70492882,2.67208903,0.13182751,2.39437681,2.73995384,1.41431892,1.94701569
803,0.68461134,1.70384725,2.65776388,0.13179498,2.38213676,2.73472706,1.89499759,2.29335941
804,0.68792361,1.70342333,2.65692529,0.1319378,2.40184335,2.74006347,1.70639586,2.18154061
805,0.69687201,1.70477464,2.73373315,0.13204188,2.42966519,2.74309235,1.34242063,1.87515476
806,0.70456784,1.70640586,2.82877882,0.13202899,2.48638421,2.74723424,1.1687484,1.72285946
807,0.7096996,1.70599011,2.8132644,0.13215926,2.48253609,2.7509811,1.07241306,1.60139976
808,0.71405372,1.707425,2.91306749,0.13224164,2.5306885,2.75178627,1.23054778,1.72801747
809,0.72181478,1.70808384,2.96024818,0.13205251,2.55381423,2.75523664,1.24104385,1.73471795
810,0.72371282,1.70828836,2.97019355,0.13234697,2.56740936,2.75951241,1.34558458,1.80220184
811,0.73494662,1.70858923,3.02732524,0.1324936,2.61208355,2.76368281,1.23969182,1.71830133
812,0.7360758,1.70894245,3.06427918,0.13248067,2.61858718,2.76421373,1.6835772,2.07264406
813,0.7370092,1.70878507,3.0788588,0.13261777,2.54268323,2.76298619,2.38436952,2.52275825
814,0.75804226,1.70905404,3.14473856,0.13328079,2.61803511,2.76894062,1.72902522,2.11208035
815,0.76014666,1.70989017,3.16395117,0.13294379,2.65459712,2.77438671,1.71302218,2.06049346
816,0.7738798,1.7105462,3.22177009,0.13318696,2.70269359,2.77888836,1.09523893,1.52005587
817,0.77919446,1.71160454,3.26922957,0.13353947,2.72439555,2.78274126,1.16014698,1.53707524
818,0.78661325,1.71210882,3.36451816,0.13358949,2.78996937,2.77990167,1.20523765,1.57844746
819,0.7867732,1.71140638,3.35898705,0.13310871,2.774007,2.780948,2.0166061,2.2479844
820,0.80150841,1.71186925,3.42298292,0.13375648,2.81777876,2.77809558,1.48878368,1.80517377
821,0.79425979,1.71256529,3.37626051,0.13414716,2.75080929,2.78862733,2.02858311,2.22722086
822,0.7881317,1.71186938,3.32107191,0.13369279,2.69822458,2.78768049,2.38891551,2.52846935
823,0.82094967,1.71317468,3.49060152,0.13425356,2.81244862,2.79239978,1.13113982,1.43834439
824,0.82039669,1.71261299,3.47349437,0.133981,2.75925162,2.79260402,1.92451371,2.1263756
825,0.81235266,1.71188796,3.3986631,0.13407763,2.77230546,2.7954403,1.87421669,2.08318836
826,0.8113099,1.71270992,3.46348957,0.13409956,2.7818043,2.79102109,2.28087591,2.4274548
827,0.81136638,1.71396771,3.53304211,0.1343993,2.81716571,2.78852236,2.38380954,2.50936734
828,0.810642,1.7132034,3.50720823,0.1340613,2.77531456,2.78435866,2.50919235,2.62139184
829,0.82432067,1.71375644,3.56790788,0.13445446,2.8063241,2.79063691,2.24574943,2.42821397
830,0.82454539,1.71368936,3.53345455,0.13428523,2.86745469,2.79215139,1.36728951,1.6337329
831,0.81618706,1.71293352,3.52948682,0.13425716,2.84046837,2.77721638,2.00678998,2.19053107
832,0.80612717,1.71162367,3.43887982,0.13383131,2.74533394,2.78039498,2.42670911,2.54886952
833,0.82302802,1.71183818,3.4713065,0.13486264,2.81622647,2.78948287,1.75586073,2.01423798
834,0.80188819,1.71404334,3.48456419,0.13352259,2.84530989,2.78987857,1.67604631,1.91381881
835,0.79336405,1.71248961,3.40215088,0.13393,2.74769884,2.78649036,2.37465203,2.50261121
836,0.79897176,1.71316981,3.40976174,0.13385209,2.81787789,2.79358415,1.4367775,1.77264821
837,0.79540043,1.71299645,3.39203343,0.13356587,2.82144204,2.79463631,1.30876991,1.6488761
838,0.77028882,1.71291037,3.36739878,0.13365819,2.77442318,2.7789413,2.27874804,2.43192475
839,0.77672614,1.71129342,3.28223455,0.13335584,2.73790592,2.77944804,1.46688069,1.83886972
840,0.77608257,1.71187381,3.2608519,0.1330476,2.76135253,2.78604097,0.86992412,1.28736879
841,0.7565217,1.71250785,3.24769995,0.13309618,2.71415324,2.78049781,1.65408236,1.98835239
842,0.75605024,1.71157421,3.22948646,0.13271649,2.70573022,2.77141774,1.4123395,1.81553193
843,0.73993391,1.71031976,3.13189786,0.13299791,2.61137054,2.76621453,2.10550452,2.36270228
844,0.74109438,1.70924297,3.07415727,0.13254402,2.60395461,2.76524707,1.58788145,2.00381431
845,0.73401925,1.70920242,3.04156547,0.13266531,2.60527232,2.7641755,1.26152907,1.74283404
846,0.72357249,1.70731592,2.89308696,0.13241281,2.5368054,2.76589498,1.35386127,1.82257524
847,0.71917332,1.70757895,2.90647837,0.13211523,2.54740844,2.7607055,1.06035552,1.57786619
848,0.71507541,1.70753852,2.89505249,0.13237168,2.54152668,2.75771464,0.9982205,1.52054231
849,0.70685094,1.70671171,2.83620096,0.13209656,2.50795627,2.7535075,1.30648938,1.80433581
850,0.7021895,1.70643918,2.83628322,0.13194137,2.52873255,2.74552016,1.41050645,1.91740017
851,0.69673759,1.70712777,2.812748,0.13178961,2.4938973,2.74600978,1.33939773,1.86905862
852,0.69304798,1.70676707,2.76389286,0.13166053,2.45997065,2.74654785,1.01146774,1.59409266
853,0.68557655,1.70640661,2.71779336,0.1315608,2.43267367,2.74508557,1.18925766,1.74518071
854,0.68624247,1.70558922,2.68253373,0.13182862,2.40672204,2.74231551,0.9066792,1.49653128
855,0.68059679,1.70465455,2.65280325,0.13188271,2.40740138,2.73516686,1.26614617,1.81897615
856,0.67601264,1.70465837,2.60233784,0.13162267,2.35849569,2.73840791,1.31931861,1.8762676
857,0.67910832,1.70412501,2.6074591,0.13148071,2.3683591,2.73557415,0.83724258,1.46542453
858,0.67223403,1.70438835,2.56826854,0.13131488,2.33343601,2.73609219,1.04566688,1.6471023
859,0.66818217,1.70341433,2.51482177,0.13150617,2.28948028,2.73284203,1.37215227,1.92815103
860,0.667246,1.70359416,2.52885684,0.13126407,2.28988204,2.73187963,1.54855354,2.08902554
861,0.66741574,1.70406245,2.5461874,0.13129274,2.32273068,2.73283253,1.23171836,1.84369946
862,0.66732993,1.70390306,2.5233664,0.13137727,2.30255465,2.73279847,1.18565194,1.79512012
863,0.66533686,1.70375867,2.52656758,0.13142429,2.30781098,2.73037849,1.39408961,1.9672398
864,0.67074049,1.70348432,2.55165367,0.13155676,2.34393924,2.72444952,0.99176862,1.62344976
865,0.66994,1.70456571,2.58056619,0.13141284,2.35233625,2.7299168,0.84191904,1.47927257
866,0.66924344,1.70417859,2.55891175,0.13129693,2.31987502,2.72941678,1.11500283,1.72635883
867,0.66652673,1.70354255,2.52409057,0.13134662,2.30120558,2.72942448,1.19938625,1.80012651
868,0.66608045,1.70255305,2.49348496,0.13143171,2.29247401,2.73131811,1.7935465,2.2514077
869,0.67201091,1.70400831,2.55794985,0.13143264,2.32470118,2.73326307,1.06607552,1.69816904
870,0.67071339,1.70316177,2.51925066,0.13173639,2.30243541,2.73453626,1.33225409,1.89759368
871,0.67205724,1.70403354,2.58972791,0.13142183,2.35729318,2.73347024,1.36255767,1.92674491
872,0.66942028,1.703791,2.56370707,0.13141309,2.34284923,2.73875543,2.11966302,2.42691218
873,0.67861605,1.70442286,2.64643311,0.13138868,2.39972972,2.73781491,1.40532028,1.97917696
874,0.67921618,1.70422131,2.62659929,0.13194017,2.36946073,2.74025976,2.04135943,2.39313784
875,0.6869605,1.70545013,2.73724928,0.13184016,2.43952248,2.73838737,1.77649868,2.24931826
876,0.68933413,1.70550921,2.73485015,0.13177627,2.42328221,2.73967948,1.68996998,2.16967375
877,0.70208705,1.70611674,2.78587183,0.13160328,2.45188737,2.74355673,0.76930576,1.33418687
878,0.70501845,1.70578425,2.82547704,0.13205751,2.49932865,2.73939379,1.08543275,1.6191505
879,0.69555059,1.7066408,2.82086389,0.13231955,2.46763388,2.7465593,2.29453616,2.42627243
880,0.7041797,1.70649375,2.84148896,0.13232337,2.45566189,2.75074576,2.45926806,2.59735572
881,0.71797086,1.70651178,2.92341634,0.13252648,2.50835426,2.75047765,1.99324801,2.37167788
882,0.72798977,1.70744254,2.94922561,0.132634,2.55453759,2.76137231,1.51898297,1.99248267
883,0.7324442,1.70919749,3.02990875,0.13248546,2.58461282,2.76281965,1.18568573,1.66027887
884,0.73936757,1.70849231,3.0413232,0.13290919,2.61462743,2.76688357,1.46983087,1.89317797
885,0.73828092,1.70859136,3.08697588,0.13258722,2.62737921,2.76000664,2.02951274,2.31088553
886,0.74449722,1.70875129,3.1092995,0.13290414,2.62105579,2.76294516,2.03315072,2.33118954
887,0.77039378,1.70974854,3.21171283,0.13331912,2.71337475,2.772225,1.07501184,1.50198916
888,0.75836847,1.7103334,3.2300701,0.13309311,2.68621598,2.7693114,2.17349677,2.36336647
889,0.77561949,1.7102479,3.25986967,0.13319318,2.71647798,2.77503491,1.61899979,1.975241
890,0.78413275,1.711919,3.31519356,0.1335063,2.75818253,2.7840633,1.26043337,1.61968088
891,0.78956592,1.71182299,3.36919284,0.13367827,2.71990732,2.78185307,2.05739808,2.27060385
892,0.80008315,1.71258076,3.41825098,0.13378152,2.79514964,2.78595896,1.49860142,1.81807176
893,0.8012289,1.7124873,3.38874806,0.13384725,2.79437455,2.79246629,1.52980184,1.82662949
894,0.79409089,1.71259164,3.37252739,0.1335564,2.74329187,2.79052935,2.1238907,2.30925376
895,0.81606416,1.7121232,3.41106677,0.1340576,2.79988685,2.79444663,1.35010111,1.64431944
896,0.81293969,1.71262623,3.43741602,0.13413967,2.79259016,2.79385526,1.734032,1.95312847
897,0.82325252,1.71283603,3.46761136,0.13427477,2.8212581,2.79570457,1.22535239,1.4970752
898,0.81530832,1.7133785,3.52558472,0.13413952,2.81422469,2.78644926,2.14840405,2.29659655
899,0.81305369,1.71348228,3.53161665,0.13453737,2.81574431,2.78492337,2.23477068,2.40893477
900,0.82845897,1.71341921,3.53372786,0.13404645,2.84844252,2.79171542,1.46665835,1.71049108
901,0.82466135,1.71335055,3.49220048,0.13405358,2.83567709,2.7989,1.53942849,1.78276087
902,0.81230456,1.7131737,3.44329129,0.13377083,2.77898405,2.79605927,1.91657563,2.1124321
903,0.82295285,1.71397211,3.57267826,0.1344832,2.81235852,2.79034975,1.86287924,2.06482969
904,0.81250346,1.71350853,3.4782945,0.13375876,2.76538269,2.79289296,1.88066026,2.09938978
905,0.80716922,1.71141389,3.39776641,0.13397928,2.69361435,2.78895474,2.23102625,2.40810888
906,0.79851845,1.71241726,3.37236282,0.13376664,2.73639551,2.7908106,2.23090446,2.41970095
907,0.79059891,1.71309067,3.40557989,0.13362822,2.76829546,2.78935067,2.28918271,2.46606607
908,0.80489119,1.71349454,3.43020935,0.13375212,2.83891902,2.79544818,1.20359973,1.56164054
909,0.79551169,1.71218901,3.34422589,0.13370521,2.79704208,2.79416728,1.12373323,1.46684611
910,0.78617605,1.71178754,3.31108891,0.133052,2.7549691,2.78671892,1.26756143,1.62820442
911,0.78096233,1.71104624,3.28761782,0.13359651,2.74395139,2.78208731,1.48571621,1.82513096
912,0.76099445,1.7101638,3.15557824,0.13285312,2.65110395,2.78061726,1.81218715,2.12535451
913,0.77089367,1.71025861,3.19725341,0.1331331,2.6847475,2.77778901,1.18027223,1.60971216
914,0.75123895,1.70985807,3.11459395,0.13291434,2.62164869,2.7752947,1.76476881,2.10322516
915,0.74308899,1.70995904,3.10478314,0.1326992,2.60992164,2.77119933,1.91618826,2.25730917
916,0.74638767,1.70942169,3.04193915,0.13246882,2.60683059,2.77152903,0.95400588,1.43937162
917,0.74464736,1.70966953,3.08407074,0.13264584,2.63175456,2.76685312,0.87288172,1.36071205
918,0.72781864,1.70826277,2.9527222,0.13233194,2.53370805,2.76301226,1.30326446,1.76556601
919,0.72497645,1.70800358,2.95263997,0.13265215,2.54228299,2.75829519,1.05374828,1.56696874
920,0.71708569,1.70760287,2.90594318,0.13234866,2.54604271,2.7574739,1.11245254,1.62957426
921,0.71134392,1.70765436,2.88658409,0.13223885,2.53619131,2.75498838,1.17913718,1.69733134
922,0.70420452,1.70737491,2.80814155,0.13208819,2.48038376,2.75512484,0.94861722,1.49805859
923,0.69686302,1.70578115,2.74072761,0.13192554,2.43808945,2.74943299,1.29785645,1.8111106
924,0.69405195,1.70626784,2.78375515,0.1318563,2.48982839,2.74052591,0.98160576,1.56622766
925,0.68607938,1.7058846,2.70695938,0.13172693,2.42926891,2.74388391,1.37420561,1.89709589
926,0.68291083,1.7051542,2.67266061,0.13192802,2.41025273,2.74069838,1.36947392,1.93127832
927,0.68022536,1.70436642,2.62930361,0.131612,2.38950717,2.73888796,1.38272714,1.93612635
928,0.66889216,1.70348885,2.56096504,0.13138657,2.34811946,2.73473704,2.10529198,2.42414118
929,0.67565505,1.70407285,2.59969791,0.1313984,2.37307687,2.73666045,0.76607176,1.40020459
930,0.67511249,1.70396643,2.56616527,0.13163173,2.33249764,2.73421649,0.75456683,1.35955662
931,0.6687046,1.70363308,2.54628508,0.13143239,2.33128234,2.73068402,1.15515746,1.74190221
932,0.66932069,1.70394053,2.54911801,0.13129608,2.33379899,2.7331855,0.89980536,1.52076353
933,0.6687797,1.70369661,2.51890683,0.13168009,2.31760302,2.73617287,1.03039216,1.64483526
934,0.67134827,1.70410292,2.55536404,0.13148421,2.33624407,2.73428999,0.79542685,1.43144462
935,0.66866003,1.70510713,2.58674343,0.13149271,2.35488971,2.73399367,0.81059071,1.44283535
936,0.67150902,1.70544884,2.60899285,0.13165055,2.3563054,2.731596,0.74390209,1.37400238
937,0.66386895,1.70392603,2.53550662,0.1315636,2.33276872,2.72864745,1.6128385,2.10742701
938,0.66554561,1.70389069,2.5404079,0.13140325,2.32755217,2.73025336,1.37176678,1.95750604
939,0.66876461,1.7033028,2.52791016,0.13147214,2.29882675,2.72776359,1.17801212,1.77758576
940,0.67112783,1.70311676,2.53125958,0.1313138,2.31622513,2.72860006,0.99638203,1.60605299
941,0.67029058,1.70365598,2.552184,0.13144697,2.33754814,2.73243821,1.16608105,1.75916769
942,0.6758487,1.70401592,2.59441106,0.13154085,2.35150202,2.73106018,0.90304889,1.52104432
943,0.67554673,1.70348915,2.56552108,0.13156534,2.34314082,2.73304255,0.84253085,1.45044191
944,0.67715038,1.70404164,2.61047087,0.13152167,2.37253467,2.73421119,1.12346624,1.70400057
945,0.68402079,1.70489345,2.68273287,0.13177863,2.42455062,2.73699298,1.04832981,1.6498872
946,0.69133727,1.70582883,2.70983554,0.13178298,2.41794808,2.74314061,0.89352249,1.49133654
947,0.68191812,1.70449761,2.66027124,0.13172556,2.38924303,2.73896153,1.85921689,2.24975285
948,0.69439668,1.70459744,2.72097187,0.13195024,2.43783689,2.7410702,1.26198233,1.83256896
949,0.70170219,1.70571673,2.77507243,0.13203808,2.47219198,2.74704849,0.91826678,1.49218644
950,0.70169795,1.70637846,2.81310517,0.1320794,2.47783242,2.74626293,1.30838255,1.81010725
951,0.70377347,1.70724365,2.88005074,0.13205143,2.51391564,2.74713335,1.61548929,2.06690748
952,0.70886253,1.70638669,2.85243139,0.13194805,2.46761776,2.75111806,2.12583646,2.42149352
953,0.71559866,1.70725759,2.91991809,0.13208579,2.52722897,2.75430141,1.78344096,2.21044688
954,0.72390135,1.70776588,2.99491096,0.13243556,2.58976284,2.75115932,1.68761511,2.11689803
955,0.73083855,1.70846041,3.00258384,0.13252186,2.57767917,2.76149095,1.32108584,1.78410115
956,0.72967539,1.70870995,3.06898326,0.13263506,2.56497138,2.75767938,2.35300643,2.46309964
957,0.74316722,1.7094873,3.1021396,0.13300702,2.61118111,2.76839559,2.26609237,2.51580415
958,0.75502258,1.70877678,3.0964485,0.13261263,2.64171948,2.77146552,1.15574347,1.61140198
959,0.76284428,1.7101531,3.19642089,0.13304884,2.67409761,2.77313819,1.45851327,1.83200219
960,0.77126324,1.71099055,3.26034228,0.13309259,2.70367066,2.77552667,1.32463407,1.71776905
961,0.77128275,1.71040147,3.32223274,0.13325808,2.65557458,2.76774944,2.20296306,2.39363878
962,0.7794096,1.7110137,3.30416373,0.13340823,2.69461662,2.77605512,1.87737457,2.15959997
963,0.7934468,1.7110178,3.33439737,0.13393746,2.72899978,2.78371657,1.90540345,2.17249563
964,0.79103094,1.71166006,3.34648756,0.13381838,2.70843484,2.78518423,2.25403847,2.44549614
965,0.80651421,1.71238341,3.40626798,0.13394667,2.80544649,2.79335176,1.66921619,1.9663425
966,0.80311624,1.71184832,3.3564088,0.13355445,2.76829697,2.79363125,1.62485197,1.90343876
967,0.80243556,1.71244602,3.42945394,0.13390738,2.76032658,2.78920601,2.33561332,2.47707832
968,0.82926245,1.71239262,3.50153766,0.13408865,2.82655297,2.79136699,1.30234873,1.60298052
969,0.81587729,1.7127474,3.48423929,0.13409905,2.8013943,2.78812978,1.64029289,1.86842496
970,0.82821395,1.71175638,3.47732557,0.13406559,2.86564433,2.79661681,1.10666401,1.39187899
971,0.83352448,1.71313078,3.53689251,0.13443899,2.9076049,2.80275205,1.10258724,1.40406385
972,0.82832941,1.71329427,3.55750799,0.13460721,2.85749296,2.79055295,1.80805948,2.02493561
973,0.83110689,1.7136805,3.56679205,0.13408014,2.83228703,2.79258263,1.70118018,1.93472314
974,0.8261871,1.71393831,3.51910542,0.13376879,2.80637981,2.79807838,1.64271622,1.88752768
975,0.81666796,1.71316307,3.48592125,0.13401916,2.78709191,2.79343896,1.91493444,2.13481673
976,0.81975931,1.71348672,3.45454632,0.13428971,2.82277598,2.7989806,1.26302288,1.54806482
977,0.80955416,1.7133101,3.41694606,0.1341468,2.82317801,2.79953235,1.55167511,1.80762824
978,0.81094979,1.7128724,3.44012867,0.13364372,2.83468004,2.79778497,1.50076676,1.7719029
979,0.80520179,1.71314951,3.41357856,0.13359645,2.82072734,2.79609807,1.25420026,1.56727225
980,0.79767657,1.71238623,3.33110861,0.13302879,2.76420155,2.79367963,1.32775249,1.64754219
981,0.7872743,1.71268049,3.33048734,0.13397728,2.76125822,2.79076552,1.5908853,1.89780995
982,0.77963919,1.71214042,3.30817909,0.13350006,2.73953019,2.78747444,1.95813027,2.20712949
983,0.77837865,1.71208254,3.28445363,0.13302886,2.7314248,2.78482176,1.37355403,1.74667012
984,0.76246391,1.71196237,3.21490242,0.13305597,2.70996084,2.78390319,1.47599559,1.84013235
985,0.76331986,1.7109711,3.19849384,0.13301057,2.69504506,2.77901393,1.29671055,1.72275537
986,0.75718519,1.70984163,3.15912678,0.13320896,2.65497266,2.76990101,1.39856829,1.79860778
987,0.74910777,1.70912682,3.12494564,0.1330643,2.58661693,2.76579012,1.4528781,1.8650794
988,0.72982949,1.70897806,3.03739905,0.13258087,2.53602879,2.76306922,2.20424093,2.4308594
989,0.72255069,1.70754879,2.93782329,0.13268776,2.50134495,2.76201312,2.475175,2.59324781
990,0.71418846,1.70662945,2.87956068,0.13236468,2.47530293,2.75760165,2.52146688,2.61629459
991,0.70971899,1.705261,2.814246,0.13257953,2.46453344,2.75610916,2.41460094,2.61864736
992,0.71207119,1.70577697,2.81588991,0.13247487,2.48833673,2.75502284,1.34366302,1.85626153
993,0.70781776,1.70753807,2.85630322,0.13189143,2.51442206,2.75432949,0.92347167,1.47181767
994,0.70206692,1.70629074,2.76464161,0.13191912,2.46581389,2.75513783,1.15130219,1.67966857
995,0.69906621,1.70577544,2.74378924,0.13185008,2.42935153,2.74861939,1.06839676,1.62524716
996,0.69198925,1.70558973,2.73706582,0.13171412,2.43619293,2.7429967,1.52144891,2.00681328
997,0.68686476,1.70619143,2.7334596,0.13191696,2.44312032,2.74264476,1.38309401,1.91989891
998,0.6923897,1.70499616,2.67657737,0.13192504,2.40575373,2.7427748,0.67192148,1.27035482
999,0.68294149,1.70544647,2.67146387,0.13179129,2.39896162,2.7380213,0.78171436,1.3711732
