,N9,N3,N5,N7
0,0.25,0.04,0.04,0.04
1,0.25,0.04,0.04,0.04
2,0.25,0.04,0.04,0.04
3,0.25,0.04,0.04,0.04
4,0.25,0.04,0.04,0.04
5,0.25,0.04,0.04,0.04
6,0.25,0.04,0.04,0.04
7,0.25,0.04,0.04,0.04
8,0.25,0.04,0.04,0.04
9,0.25,0.04,0.04,0.04
10,0.25,0.04,0.04,0.04
11,0.25,0.04,0.04,0.04
12,0.25,0.04,0.04,0.04
13,0.25,0.04,0.04,0.04
14,0.25,0.04,0.04,0.04
15,0.25,0.04,0.04,0.04
16,0.25,0.04,0.04,0.04
17,0.25,0.04,0.04,0.04
18,0.25,0.04,0.04,0.04
19,0.25,0.04,0.04,0.04
20,0.25,0.04,0.04,0.04
21,0.25,0.04,0.04,0.04
22,0.25,0.04,0.04,0.04
23,0.25,0.04,0.04,0.04
24,0.25,0.04,0.04,0.04
25,0.25,0.04,0.04,0.04
26,0.25,0.04,0.04,0.04
27,0.25,0.04,0.04,0.04
28,0.25,0.04,0.04,0.04
29,0.25,0.04,0.04,0.04
30,0.25,0.04,0.04,0.04
31,0.25,0.04,0.04,0.04
32,0.25,0.04,0.04,0.04
33,0.25,0.04,0.04,0.04
34,0.25,0.04,0.04,0.04
35,0.25,0.04,0.04,0.04
36,0.25,0.04,0.04,0.04
37,0.25,0.04,0.04,0.04
38,0.25,0.04,0.04,0.04
39,0.25,0.04,0.04,0.04
40,0.25,0.04,0.04,0.04
41,0.25,0.04,0.04,0.04
42,0.25,0.04,0.04,0.04
43,0.25,0.04,0.04,0.04
44,0.25,0.04,0.04,0.04
45,0.25,0.04,0.04,0.04
46,0.25,0.04,0.04,0.04
47,0.25,0.04,0.04,0.04
48,0.25,0.04,0.04,0.04
49,0.25,0.04,0.04,0.04
50,0.25,0.04,0.04,0.04
51,0.25,0.04,0.04,0.04
52,0.25,0.04,0.04,0.04
53,0.25,0.04,0.04,0.04
54,0.25,0.04,0.04,0.04
55,0.25,0.04,0.04,0.04
56,0.25,0.04,0.04,0.04
57,0.25,0.04,0.04,0.04
58,0.25,0.04,0.04,0.04
59,0.25,0.04,0.04,0.04
60,0.25,0.04,0.04,0.04
61,0.25,0.04,0.04,0.04
62,0.25,0.04,0.04,0.04
63,0.25,0.04,0.04,0.04
64,0.25,0.04,0.04,0.04
65,0.25,0.04,0.04,0.04
66,0.25,0.04,0.04,0.04
67,0.25,0.04,0.04,0.04
68,0.25,0.04,0.04,0.04
69,0.25,0.04,0.04,0.04
70,0.25,0.04,0.04,0.04
71,0.25,0.04,0.04,0.04
72,0.25,0.04,0.04,0.04
73,0.25,0.04,0.04,0.04
74,0.25,0.04,0.04,0.04
75,0.25,0.04,0.04,0.04
76,0.25,0.04,0.04,0.04
77,0.25,0.04,0.04,0.04
78,0.25,0.04,0.04,0.04
79,0.25,0.04,0.04,0.04
80,0.25,0.04,0.04,0.04
81,0.25,0.04,0.04,0.04
82,0.25,0.04,0.04,0.04
83,0.25,0.04,0.04,0.04
84,0.25,0.04,0.04,0.04
85,0.25,0.04,0.04,0.04
86,0.25,0.04,0.04,0.04
87,0.25,0.04,0.04,0.04
88,0.25,0.04,0.04,0.04
89,0.25,0.04,0.04,0.04
90,0.25,0.04,0.04,0.04
91,0.25,0.04,0.04,0.04
92,0.25,0.04,0.04,0.04
93,0.25,0.04,0.04,0.04
94,0.25,0.04,0.04,0.04
95,0.25,0.04,0.04,0.04
96,0.25,0.04,0.04,0.04
97,0.25,0.04,0.04,0.04
98,0.25,0.04,0.04,0.04
99,0.25,0.04,0.04,0.04
100,0.25,0.04,0.04,0.04
101,0.25,0.04,0.04,0.04
102,0.25,0.04,0.04,0.04
103,0.25,0.04,0.04,0.04
104,0.25,0.04,0.04,0.04
105,0.25,0.04,0.04,0.04
106,0.25,0.04,0.04,0.04
107,0.25,0.04,0.04,0.04
108,0.25,0.04,0.04,0.04
109,0.25,0.04,0.04,0.04
110,0.25,0.04,0.04,0.04
111,0.25,0.04,0.04,0.04
112,0.25,0.04,0.04,0.04
113,0.25,0.04,0.04,0.04
114,0.25,0.04,0.04,0.04
115,0.25,0.04,0.04,0.04
116,0.25,0.04,0.04,0.04
117,0.25,0.04,0.04,0.04
118,0.25,0.04,0.04,0.04
119,0.25,0.04,0.04,0.04
120,0.25,0.04,0.04,0.04
121,0.25,0.04,0.04,0.04
122,0.25,0.04,0.04,0.04
123,0.25,0.04,0.04,0.04
124,0.25,0.04,0.04,0.04
125,0.25,0.04,0.04,0.04
126,0.25,0.04,0.04,0.04
127,0.25,0.04,0.04,0.04
128,0.25,0.04,0.04,0.04
129,0.25,0.04,0.04,0.04
130,0.25,0.04,0.04,0.04
131,0.25,0.04,0.04,0.04
132,0.25,0.04,0.04,0.04
133,0.25,0.04,0.04,0.04
134,0.25,0.04,0.04,0.04
135,0.25,0.04,0.04,0.04
136,0.25,0.04,0.04,0.04
137,0.25,0.04,0.04,0.04
138,0.25,0.04,0.04,0.04
139,0.25,0.04,0.04,0.04
140,0.25,0.04,0.04,0.04
141,0.25,0.04,0.04,0.04
142,0.25,0.04,0.04,0.04
143,0.25,0.04,0.04,0.04
144,0.25,0.04,0.04,0.04
145,0.25,0.04,0.04,0.04
146,0.25,0.04,0.04,0.04
147,0.25,0.04,0.04,0.04
148,0.25,0.04,0.04,0.04
149,0.25,0.04,0.04,0.04
150,0.25,0.04,0.04,0.04
151,0.25,0.04,0.04,0.04
152,0.25,0.04,0.04,0.04
153,0.25,0.04,0.04,0.04
154,0.25,0.04,0.04,0.04
155,0.25,0.04,0.04,0.04
156,0.25,0.04,0.04,0.04
157,0.25,0.04,0.04,0.04
158,0.25,0.04,0.04,0.04
159,0.25,0.04,0.04,0.04
160,0.25,0.04,0.04,0.04
161,0.25,0.04,0.04,0.04
162,0.25,0.04,0.04,0.04
163,0.25,0.04,0.04,0.04
164,0.25,0.04,0.04,0.04
165,0.25,0.04,0.04,0.04
166,0.25,0.04,0.04,0.04
167,0.25,0.04,0.04,0.04
168,0.25,0.04,0.04,0.04
169,0.25,0.04,0.04,0.04
170,0.25,0.04,0.04,0.04
171,0.25,0.04,0.04,0.04
172,0.25,0.04,0.04,0.04
173,0.25,0.04,0.04,0.04
174,0.25,0.04,0.04,0.04
175,0.25,0.04,0.04,0.04
176,0.25,0.04,0.04,0.04
177,0.25,0.04,0.04,0.04
178,0.25,0.04,0.04,0.04
179,0.25,0.04,0.04,0.04
180,0.25,0.04,0.04,0.04
181,0.25,0.04,0.04,0.04
182,0.25,0.04,0.04,0.04
183,0.25,0.04,0.04,0.04
184,0.25,0.04,0.04,0.04
185,0.25,0.04,0.04,0.04
186,0.25,0.04,0.04,0.04
187,0.25,0.04,0.04,0.04
188,0.25,0.04,0.04,0.04
189,0.25,0.04,0.04,0.04
190,0.25,0.04,0.04,0.04
191,0.25,0.04,0.04,0.04
192,0.25,0.04,0.04,0.04
193,0.25,0.04,0.04,0.04
194,0.25,0.04,0.04,0.04
195,0.25,0.04,0.04,0.04
196,0.25,0.04,0.04,0.04
197,0.25,0.04,0.04,0.04
198,0.25,0.04,0.04,0.04
199,0.25,0.04,0.04,0.04
200,0.25,0.04,0.04,0.04
201,0.25,0.04,0.04,0.04
202,0.25,0.04,0.04,0.04
203,0.25,0.04,0.04,0.04
204,0.25,0.04,0.04,0.04
205,0.25,0.04,0.04,0.04
206,0.25,0.04,0.04,0.04
207,0.25,0.04,0.04,0.04
208,0.25,0.04,0.04,0.04
209,0.25,0.04,0.04,0.04
210,0.25,0.04,0.04,0.04
211,0.25,0.04,0.04,0.04
212,0.25,0.04,0.04,0.04
213,0.25,0.04,0.04,0.04
214,0.25,0.04,0.04,0.04
215,0.25,0.04,0.04,0.04
216,0.25,0.04,0.04,0.04
217,0.25,0.04,0.04,0.04
218,0.25,0.04,0.04,0.04
219,0.25,0.04,0.04,0.04
220,0.25,0.04,0.04,0.04
221,0.25,0.04,0.04,0.04
222,0.25,0.04,0.04,0.04
223,0.25,0.04,0.04,0.04
224,0.25,0.04,0.04,0.04
225,0.25,0.04,0.04,0.04
226,0.25,0.04,0.04,0.04
227,0.25,0.04,0.04,0.04
228,0.25,0.04,0.04,0.04
229,0.25,0.04,0.04,0.04
230,0.25,0.04,0.04,0.04
231,0.25,0.04,0.04,0.04
232,0.25,0.04,0.04,0.04
233,0.25,0.04,0.04,0.04
234,0.25,0.04,0.04,0.04
235,0.25,0.04,0.04,0.04
236,0.25,0.04,0.04,0.04
237,0.25,0.04,0.04,0.04
238,0.25,0.04,0.04,0.04
239,0.25,0.04,0.04,0.04
240,0.25,0.04,0.04,0.04
241,0.25,0.04,0.04,0.04
242,0.25,0.04,0.04,0.04
243,0.25,0.04,0.04,0.04
244,0.25,0.04,0.04,0.04
245,0.25,0.04,0.04,0.04
246,0.25,0.04,0.04,0.04
247,0.25,0.04,0.04,0.04
248,0.25,0.04,0.04,0.04
249,0.25,0.04,0.04,0.04
250,0.25,0.04,0.04,0.04
251,0.25,0.04,0.04,0.04
252,0.25,0.04,0.04,0.04
253,0.25,0.04,0.04,0.04
254,0.25,0.04,0.04,0.04
255,0.25,0.04,0.04,0.04
256,0.25,0.04,0.04,0.04
257,0.25,0.04,0.04,0.04
258,0.25,0.04,0.04,0.04
259,0.25,0.04,0.04,0.04
260,0.25,0.04,0.04,0.04
261,0.25,0.04,0.04,0.04
262,0.25,0.04,0.04,0.04
263,0.25,0.04,0.04,0.04
264,0.25,0.04,0.04,0.04
265,0.25,0.04,0.04,0.04
266,0.25,0.04,0.04,0.04
267,0.25,0.04,0.04,0.04
268,0.25,0.04,0.04,0.04
269,0.25,0.04,0.04,0.04
270,0.25,0.04,0.04,0.04
271,0.25,0.04,0.04,0.04
272,0.25,0.04,0.04,0.04
273,0.25,0.04,0.04,0.04
274,0.25,0.04,0.04,0.04
275,0.25,0.04,0.04,0.04
276,0.25,0.04,0.04,0.04
277,0.25,0.04,0.04,0.04
278,0.25,0.04,0.04,0.04
279,0.25,0.04,0.04,0.04
280,0.25,0.04,0.04,0.04
281,0.25,0.04,0.04,0.04
282,0.25,0.04,0.04,0.04
283,0.25,0.04,0.04,0.04
284,0.25,0.04,0.04,0.04
285,0.25,0.04,0.04,0.04
286,0.25,0.04,0.04,0.04
287,0.25,0.04,0.04,0.04
288,0.25,0.04,0.04,0.04
289,0.25,0.04,0.04,0.04
290,0.25,0.04,0.04,0.04
291,0.25,0.04,0.04,0.04
292,0.25,0.04,0.04,0.04
293,0.25,0.04,0.04,0.04
294,0.25,0.04,0.04,0.04
295,0.25,0.04,0.04,0.04
296,0.25,0.04,0.04,0.04
297,0.25,0.04,0.04,0.04
298,0.25,0.04,0.04,0.04
299,0.25,0.04,0.04,0.04
300,0.25,0.04,0.04,0.04
301,0.25,0.04,0.04,0.04
302,0.25,0.04,0.04,0.04
303,0.25,0.04,0.04,0.04
304,0.25,0.04,0.04,0.04
305,0.25,0.04,0.04,0.04
306,0.25,0.04,0.04,0.04
307,0.25,0.04,0.04,0.04
308,0.25,0.04,0.04,0.04
309,0.25,0.04,0.04,0.04
310,0.25,0.04,0.04,0.04
311,0.25,0.04,0.04,0.04
312,0.25,0.04,0.04,0.04
313,0.25,0.04,0.04,0.04
314,0.25,0.04,0.04,0.04
315,0.25,0.04,0.04,0.04
316,0.25,0.04,0.04,0.04
317,0.25,0.04,0.04,0.04
318,0.25,0.04,0.04,0.04
319,0.25,0.04,0.04,0.04
320,0.25,0.04,0.04,0.04
321,0.25,0.04,0.04,0.04
322,0.25,0.04,0.04,0.04
323,0.25,0.04,0.04,0.04
324,0.25,0.04,0.04,0.04
325,0.25,0.04,0.04,0.04
326,0.25,0.04,0.04,0.04
327,0.25,0.04,0.04,0.04
328,0.25,0.04,0.04,0.04
329,0.25,0.04,0.04,0.04
330,0.25,0.04,0.04,0.04
331,0.25,0.04,0.04,0.04
332,0.25,0.04,0.04,0.04
333,0.25,0.04,0.04,0.04
334,0.25,0.04,0.04,0.04
335,0.25,0.04,0.04,0.04
336,0.25,0.04,0.04,0.04
337,0.25,0.04,0.04,0.04
338,0.25,0.04,0.04,0.04
339,0.25,0.04,0.04,0.04
340,0.25,0.04,0.04,0.04
341,0.25,0.04,0.04,0.04
342,0.25,0.04,0.04,0.04
343,0.25,0.04,0.04,0.04
344,0.25,0.04,0.04,0.04
345,0.25,0.04,0.04,0.04
346,0.25,0.04,0.04,0.04
347,0.25,0.04,0.04,0.04
348,0.25,0.04,0.04,0.04
349,0.25,0.04,0.04,0.04
350,0.25,0.04,0.04,0.04
351,0.25,0.04,0.04,0.04
352,0.25,0.04,0.04,0.04
353,0.25,0.04,0.04,0.04
354,0.25,0.04,0.04,0.04
355,0.25,0.04,0.04,0.04
356,0.25,0.04,0.04,0.04
357,0.25,0.04,0.04,0.04
358,0.25,0.04,0.04,0.04
359,0.25,0.04,0.04,0.04
360,0.25,0.04,0.04,0.04
361,0.25,0.04,0.04,0.04
362,0.25,0.04,0.04,0.04
363,0.25,0.04,0.04,0.04
364,0.25,0.04,0.04,0.04
365,0.25,0.04,0.04,0.04
366,0.25,0.04,0.04,0.04
367,0.25,0.04,0.04,0.04
368,0.25,0.04,0.04,0.04
369,0.25,0.04,0.04,0.04
370,0.25,0.04,0.04,0.04
371,0.25,0.04,0.04,0.04
372,0.25,0.04,0.04,0.04
373,0.25,0.04,0.04,0.04
374,0.25,0.04,0.04,0.04
375,0.25,0.04,0.04,0.04
376,0.25,0.04,0.04,0.04
377,0.25,0.04,0.04,0.04
378,0.25,0.04,0.04,0.04
379,0.25,0.04,0.04,0.04
380,0.25,0.04,0.04,0.04
381,0.25,0.04,0.04,0.04
382,0.25,0.04,0.04,0.04
383,0.25,0.04,0.04,0.04
384,0.25,0.04,0.04,0.04
385,0.25,0.04,0.04,0.04
386,0.25,0.04,0.04,0.04
387,0.25,0.04,0.04,0.04
388,0.25,0.04,0.04,0.04
389,0.25,0.04,0.04,0.04
390,0.25,0.04,0.04,0.04
391,0.25,0.04,0.04,0.04
392,0.25,0.04,0.04,0.04
393,0.25,0.04,0.04,0.04
394,0.25,0.04,0.04,0.04
395,0.25,0.04,0.04,0.04
396,0.25,0.04,0.04,0.04
397,0.25,0.04,0.04,0.04
398,0.25,0.04,0.04,0.04
399,0.25,0.04,0.04,0.04
400,0.25,0.04,0.04,0.04
401,0.25,0.04,0.04,0.04
402,0.25,0.04,0.04,0.04
403,0.25,0.04,0.04,0.04
404,0.25,0.04,0.04,0.04
405,0.25,0.04,0.04,0.04
406,0.25,0.04,0.04,0.04
407,0.25,0.04,0.04,0.04
408,0.25,0.04,0.04,0.04
409,0.25,0.04,0.04,0.04
410,0.25,0.04,0.04,0.04
411,0.25,0.04,0.04,0.04
412,0.25,0.04,0.04,0.04
413,0.25,0.04,0.04,0.04
414,0.25,0.04,0.04,0.04
415,0.25,0.04,0.04,0.04
416,0.25,0.04,0.04,0.04
417,0.25,0.04,0.04,0.04
418,0.25,0.04,0.04,0.04
419,0.25,0.04,0.04,0.04
420,0.25,0.04,0.04,0.04
421,0.25,0.04,0.04,0.04
422,0.25,0.04,0.04,0.04
423,0.25,0.04,0.04,0.04
424,0.25,0.04,0.04,0.04
425,0.25,0.04,0.04,0.04
426,0.25,0.04,0.04,0.04
427,0.25,0.04,0.04,0.04
428,0.25,0.04,0.04,0.04
429,0.25,0.04,0.04,0.04
430,0.25,0.04,0.04,0.04
431,0.25,0.04,0.04,0.04
432,0.25,0.04,0.04,0.04
433,0.25,0.04,0.04,0.04
434,0.25,0.04,0.04,0.04
435,0.25,0.04,0.04,0.04
436,0.25,0.04,0.04,0.04
437,0.25,0.04,0.04,0.04
438,0.25,0.04,0.04,0.04
439,0.25,0.04,0.04,0.04
440,0.25,0.04,0.04,0.04
441,0.25,0.04,0.04,0.04
442,0.25,0.04,0.04,0.04
443,0.25,0.04,0.04,0.04
444,0.25,0.04,0.04,0.04
445,0.25,0.04,0.04,0.04
446,0.25,0.04,0.04,0.04
447,0.25,0.04,0.04,0.04
448,0.25,0.04,0.04,0.04
449,0.25,0.04,0.04,0.04
450,0.25,0.04,0.04,0.04
451,0.25,0.04,0.04,0.04
452,0.25,0.04,0.04,0.04
453,0.25,0.04,0.04,0.04
454,0.25,0.04,0.04,0.04
455,0.25,0.04,0.04,0.04
456,0.25,0.04,0.04,0.04
457,0.25,0.04,0.04,0.04
458,0.25,0.04,0.04,0.04
459,0.25,0.04,0.04,0.04
460,0.25,0.04,0.04,0.04
461,0.25,0.04,0.04,0.04
462,0.25,0.04,0.04,0.04
463,0.25,0.04,0.04,0.04
464,0.25,0.04,0.04,0.04
465,0.25,0.04,0.04,0.04
466,0.25,0.04,0.04,0.04
467,0.25,0.04,0.04,0.04
468,0.25,0.04,0.04,0.04
469,0.25,0.04,0.04,0.04
470,0.25,0.04,0.04,0.04
471,0.25,0.04,0.04,0.04
472,0.25,0.04,0.04,0.04
473,0.25,0.04,0.04,0.04
474,0.25,0.04,0.04,0.04
475,0.25,0.04,0.04,0.04
476,0.25,0.04,0.04,0.04
477,0.25,0.04,0.04,0.04
478,0.25,0.04,0.04,0.04
479,0.25,0.04,0.04,0.04
480,0.25,0.04,0.04,0.04
481,0.25,0.04,0.04,0.04
482,0.25,0.04,0.04,0.04
483,0.25,0.04,0.04,0.04
484,0.25,0.04,0.04,0.04
485,0.25,0.04,0.04,0.04
486,0.25,0.04,0.04,0.04
487,0.25,0.04,0.04,0.04
488,0.25,0.04,0.04,0.04
489,0.25,0.04,0.04,0.04
490,0.25,0.04,0.04,0.04
491,0.25,0.04,0.04,0.04
492,0.25,0.04,0.04,0.04
493,0.25,0.04,0.04,0.04
494,0.25,0.04,0.04,0.04
495,0.25,0.04,0.04,0.04
496,0.25,0.04,0.04,0.04
497,0.25,0.04,0.04,0.04
498,0.25,0.04,0.04,0.04
499,0.25,0.04,0.04,0.04
500,0.25,0.04,0.04,0.04
501,0.25,0.04,0.04,0.04
502,0.25,0.04,0.04,0.04
503,0.25,0.04,0.04,0.04
504,0.25,0.04,0.04,0.04
505,0.25,0.04,0.04,0.04
506,0.25,0.04,0.04,0.04
507,0.25,0.04,0.04,0.04
508,0.25,0.04,0.04,0.04
509,0.25,0.04,0.04,0.04
510,0.25,0.04,0.04,0.04
511,0.25,0.04,0.04,0.04
512,0.25,0.04,0.04,0.04
513,0.25,0.04,0.04,0.04
514,0.25,0.04,0.04,0.04
515,0.25,0.04,0.04,0.04
516,0.25,0.04,0.04,0.04
517,0.25,0.04,0.04,0.04
518,0.25,0.04,0.04,0.04
519,0.25,0.04,0.04,0.04
520,0.25,0.04,0.04,0.04
521,0.25,0.04,0.04,0.04
522,0.25,0.04,0.04,0.04
523,0.25,0.04,0.04,0.04
524,0.25,0.04,0.04,0.04
525,0.25,0.04,0.04,0.04
526,0.25,0.04,0.04,0.04
527,0.25,0.04,0.04,0.04
528,0.25,0.04,0.04,0.04
529,0.25,0.04,0.04,0.04
530,0.25,0.04,0.04,0.04
531,0.25,0.04,0.04,0.04
532,0.25,0.04,0.04,0.04
533,0.25,0.04,0.04,0.04
534,0.25,0.04,0.04,0.04
535,0.25,0.04,0.04,0.04
536,0.25,0.04,0.04,0.04
537,0.25,0.04,0.04,0.04
538,0.25,0.04,0.04,0.04
539,0.25,0.04,0.04,0.04
540,0.25,0.04,0.04,0.04
541,0.25,0.04,0.04,0.04
542,0.25,0.04,0.04,0.04
543,0.25,0.04,0.04,0.04
544,0.25,0.04,0.04,0.04
545,0.25,0.04,0.04,0.04
546,0.25,0.04,0.04,0.04
547,0.25,0.04,0.04,0.04
548,0.25,0.04,0.04,0.04
549,0.25,0.04,0.04,0.04
550,0.25,0.04,0.04,0.04
551,0.25,0.04,0.04,0.04
552,0.25,0.04,0.04,0.04
553,0.25,0.04,0.04,0.04
554,0.25,0.04,0.04,0.04
555,0.25,0.04,0.04,0.04
556,0.25,0.04,0.04,0.04
557,0.25,0.04,0.04,0.04
558,0.25,0.04,0.04,0.04
559,0.25,0.04,0.04,0.04
560,0.25,0.04,0.04,0.04
561,0.25,0.04,0.04,0.04
562,0.25,0.04,0.04,0.04
563,0.25,0.04,0.04,0.04
564,0.25,0.04,0.04,0.04
565,0.25,0.04,0.04,0.04
566,0.25,0.04,0.04,0.04
567,0.25,0.04,0.04,0.04
568,0.25,0.04,0.04,0.04
569,0.25,0.04,0.04,0.04
570,0.25,0.04,0.04,0.04
571,0.25,0.04,0.04,0.04
572,0.25,0.04,0.04,0.04
573,0.25,0.04,0.04,0.04
574,0.25,0.04,0.04,0.04
575,0.25,0.04,0.04,0.04
576,0.25,0.04,0.04,0.04
577,0.25,0.04,0.04,0.04
578,0.25,0.04,0.04,0.04
579,0.25,0.04,0.04,0.04
580,0.25,0.04,0.04,0.04
581,0.25,0.04,0.04,0.04
582,0.25,0.04,0.04,0.04
583,0.25,0.04,0.04,0.04
584,0.25,0.04,0.04,0.04
585,0.25,0.04,0.04,0.04
586,0.25,0.04,0.04,0.04
587,0.25,0.04,0.04,0.04
588,0.25,0.04,0.04,0.04
589,0.25,0.04,0.04,0.04
590,0.25,0.04,0.04,0.04
591,0.25,0.04,0.04,0.04
592,0.25,0.04,0.04,0.04
593,0.25,0.04,0.04,0.04
594,0.25,0.04,0.04,0.04
595,0.25,0.04,0.04,0.04
596,0.25,0.04,0.04,0.04
597,0.25,0.04,0.04,0.04
598,0.25,0.04,0.04,0.04
599,0.25,0.04,0.04,0.04
600,0.25,0.04,0.04,0.04
601,0.25,0.04,0.04,0.04
602,0.25,0.04,0.04,0.04
603,0.25,0.04,0.04,0.04
604,0.25,0.04,0.04,0.04
605,0.25,0.04,0.04,0.04
606,0.25,0.04,0.04,0.04
607,0.25,0.04,0.04,0.04
608,0.25,0.04,0.04,0.04
609,0.25,0.04,0.04,0.04
610,0.25,0.04,0.04,0.04
611,0.25,0.04,0.04,0.04
612,0.25,0.04,0.04,0.04
613,0.25,0.04,0.04,0.04
614,0.25,0.04,0.04,0.04
615,0.25,0.04,0.04,0.04
616,0.25,0.04,0.04,0.04
617,0.25,0.04,0.04,0.04
618,0.25,0.04,0.04,0.04
619,0.25,0.04,0.04,0.04
620,0.25,0.04,0.04,0.04
621,0.25,0.04,0.04,0.04
622,0.25,0.04,0.04,0.04
623,0.25,0.04,0.04,0.04
624,0.25,0.04,0.04,0.04
625,0.25,0.04,0.04,0.04
626,0.25,0.04,0.04,0.04
627,0.25,0.04,0.04,0.04
628,0.25,0.04,0.04,0.04
629,0.25,0.04,0.04,0.04
630,0.25,0.04,0.04,0.04
631,0.25,0.04,0.04,0.04
632,0.25,0.04,0.04,0.04
633,0.25,0.04,0.04,0.04
634,0.25,0.04,0.04,0.04
635,0.25,0.04,0.04,0.04
636,0.25,0.04,0.04,0.04
637,0.25,0.04,0.04,0.04
638,0.25,0.04,0.04,0.04
639,0.25,0.04,0.04,0.04
640,0.25,0.04,0.04,0.04
641,0.25,0.04,0.04,0.04
642,0.25,0.04,0.04,0.04
643,0.25,0.04,0.04,0.04
644,0.25,0.04,0.04,0.04
645,0.25,0.04,0.04,0.04
646,0.25,0.04,0.04,0.04
647,0.25,0.04,0.04,0.04
648,0.25,0.04,0.04,0.04
649,0.25,0.04,0.04,0.04
650,0.25,0.04,0.04,0.04
651,0.25,0.04,0.04,0.04
652,0.25,0.04,0.04,0.04
653,0.25,0.04,0.04,0.04
654,0.25,0.04,0.04,0.04
655,0.25,0.04,0.04,0.04
656,0.25,0.04,0.04,0.04
657,0.25,0.04,0.04,0.04
658,0.25,0.04,0.04,0.04
659,0.25,0.04,0.04,0.04
660,0.25,0.04,0.04,0.04
661,0.25,0.04,0.04,0.04
662,0.25,0.04,0.04,0.04
663,0.25,0.04,0.04,0.04
664,0.25,0.04,0.04,0.04
665,0.25,0.04,0.04,0.04
666,0.25,0.04,0.04,0.04
667,0.25,0.04,0.04,0.04
668,0.25,0.04,0.04,0.04
669,0.25,0.04,0.04,0.04
670,0.25,0.04,0.04,0.04
671,0.25,0.04,0.04,0.04
672,0.25,0.04,0.04,0.04
673,0.25,0.04,0.04,0.04
674,0.25,0.04,0.04,0.04
675,0.25,0.04,0.04,0.04
676,0.25,0.04,0.04,0.04
677,0.25,0.04,0.04,0.04
678,0.25,0.04,0.04,0.04
679,0.25,0.04,0.04,0.04
680,0.25,0.04,0.04,0.04
681,0.25,0.04,0.04,0.04
682,0.25,0.04,0.04,0.04
683,0.25,0.04,0.04,0.04
684,0.25,0.04,0.04,0.04
685,0.25,0.04,0.04,0.04
686,0.25,0.04,0.04,0.04
687,0.25,0.04,0.04,0.04
688,0.25,0.04,0.04,0.04
689,0.25,0.04,0.04,0.04
690,0.25,0.04,0.04,0.04
691,0.25,0.04,0.04,0.04
692,0.25,0.04,0.04,0.04
693,0.25,0.04,0.04,0.04
694,0.25,0.04,0.04,0.04
695,0.25,0.04,0.04,0.04
696,0.25,0.04,0.04,0.04
697,0.25,0.04,0.04,0.04
698,0.25,0.04,0.04,0.04
699,0.25,0.04,0.04,0.04
700,0.25,0.04,0.04,0.04
701,0.25,0.04,0.04,0.04
702,0.25,0.04,0.04,0.04
703,0.25,0.04,0.04,0.04
704,0.25,0.04,0.04,0.04
705,0.25,0.04,0.04,0.04
706,0.25,0.04,0.04,0.04
707,0.25,0.04,0.04,0.04
708,0.25,0.04,0.04,0.04
709,0.25,0.04,0.04,0.04
710,0.25,0.04,0.04,0.04
711,0.25,0.04,0.04,0.04
712,0.25,0.04,0.04,0.04
713,0.25,0.04,0.04,0.04
714,0.25,0.04,0.04,0.04
715,0.25,0.04,0.04,0.04
716,0.25,0.04,0.04,0.04
717,0.25,0.04,0.04,0.04
718,0.25,0.04,0.04,0.04
719,0.25,0.04,0.04,0.04
720,0.25,0.04,0.04,0.04
721,0.25,0.04,0.04,0.04
722,0.25,0.04,0.04,0.04
723,0.25,0.04,0.04,0.04
724,0.25,0.04,0.04,0.04
725,0.25,0.04,0.04,0.04
726,0.25,0.04,0.04,0.04
727,0.25,0.04,0.04,0.04
728,0.25,0.04,0.04,0.04
729,0.25,0.04,0.04,0.04
730,0.25,0.04,0.04,0.04
731,0.25,0.04,0.04,0.04
732,0.25,0.04,0.04,0.04
733,0.25,0.04,0.04,0.04
734,0.25,0.04,0.04,0.04
735,0.25,0.04,0.04,0.04
736,0.25,0.04,0.04,0.04
737,0.25,0.04,0.04,0.04
738,0.25,0.04,0.04,0.04
739,0.25,0.04,0.04,0.04
740,0.25,0.04,0.04,0.04
741,0.25,0.04,0.04,0.04
742,0.25,0.04,0.04,0.04
743,0.25,0.04,0.04,0.04
744,0.25,0.04,0.04,0.04
745,0.25,0.04,0.04,0.04
746,0.25,0.04,0.04,0.04
747,0.25,0.04,0.04,0.04
748,0.25,0.04,0.04,0.04
749,0.25,0.04,0.04,0.04
750,0.25,0.04,0.04,0.04
751,0.25,0.04,0.04,0.04
752,0.25,0.04,0.04,0.04
753,0.25,0.04,0.04,0.04
754,0.25,0.04,0.04,0.04
755,0.25,0.04,0.04,0.04
756,0.25,0.04,0.04,0.04
757,0.25,0.04,0.04,0.04
758,0.25,0.04,0.04,0.04
759,0.25,0.04,0.04,0.04
760,0.25,0.04,0.04,0.04
761,0.25,0.04,0.04,0.04
762,0.25,0.04,0.04,0.04
763,0.25,0.04,0.04,0.04
764,0.25,0.04,0.04,0.04
765,0.25,0.04,0.04,0.04
766,0.25,0.04,0.04,0.04
767,0.25,0.04,0.04,0.04
768,0.25,0.04,0.04,0.04
769,0.25,0.04,0.04,0.04
770,0.25,0.04,0.04,0.04
771,0.25,0.04,0.04,0.04
772,0.25,0.04,0.04,0.04
773,0.25,0.04,0.04,0.04
774,0.25,0.04,0.04,0.04
775,0.25,0.04,0.04,0.04
776,0.25,0.04,0.04,0.04
777,0.25,0.04,0.04,0.04
778,0.25,0.04,0.04,0.04
779,0.25,0.04,0.04,0.04
780,0.25,0.04,0.04,0.04
781,0.25,0.04,0.04,0.04
782,0.25,0.04,0.04,0.04
783,0.25,0.04,0.04,0.04
784,0.25,0.04,0.04,0.04
785,0.25,0.04,0.04,0.04
786,0.25,0.04,0.04,0.04
787,0.25,0.04,0.04,0.04
788,0.25,0.04,0.04,0.04
789,0.25,0.04,0.04,0.04
790,0.25,0.04,0.04,0.04
791,0.25,0.04,0.04,0.04
792,0.25,0.04,0.04,0.04
793,0.25,0.04,0.04,0.04
794,0.25,0.04,0.04,0.04
795,0.25,0.04,0.04,0.04
796,0.25,0.04,0.04,0.04
797,0.25,0.04,0.04,0.04
798,0.25,0.04,0.04,0.04
799,0.25,0.04,0.04,0.04
800,0.25,0.04,0.04,0.04
801,0.25,0.04,0.04,0.04
802,0.25,0.04,0.04,0.04
803,0.25,0.04,0.04,0.04
804,0.25,0.04,0.04,0.04
805,0.25,0.04,0.04,0.04
806,0.25,0.04,0.04,0.04
807,0.25,0.04,0.04,0.04
808,0.25,0.04,0.04,0.04
809,0.25,0.04,0.04,0.04
810,0.25,0.04,0.04,0.04
811,0.25,0.04,0.04,0.04
812,0.25,0.04,0.04,0.04
813,0.25,0.04,0.04,0.04
814,0.25,0.04,0.04,0.04
815,0.25,0.04,0.04,0.04
816,0.25,0.04,0.04,0.04
817,0.25,0.04,0.04,0.04
818,0.25,0.04,0.04,0.04
819,0.25,0.04,0.04,0.04
820,0.25,0.04,0.04,0.04
821,0.25,0.04,0.04,0.04
822,0.25,0.04,0.04,0.04
823,0.25,0.04,0.04,0.04
824,0.25,0.04,0.04,0.04
825,0.25,0.04,0.04,0.04
826,0.25,0.04,0.04,0.04
827,0.25,0.04,0.04,0.04
828,0.25,0.04,0.04,0.04
829,0.25,0.04,0.04,0.04
830,0.25,0.04,0.04,0.04
831,0.25,0.04,0.04,0.04
832,0.25,0.04,0.04,0.04
833,0.25,0.04,0.04,0.04
834,0.25,0.04,0.04,0.04
835,0.25,0.04,0.04,0.04
836,0.25,0.04,0.04,0.04
837,0.25,0.04,0.04,0.04
838,0.25,0.04,0.04,0.04
839,0.25,0.04,0.04,0.04
840,0.25,0.04,0.04,0.04
841,0.25,0.04,0.04,0.04
842,0.25,0.04,0.04,0.04
843,0.25,0.04,0.04,0.04
844,0.25,0.04,0.04,0.04
845,0.25,0.04,0.04,0.04
846,0.25,0.04,0.04,0.04
847,0.25,0.04,0.04,0.04
848,0.25,0.04,0.04,0.04
849,0.25,0.04,0.04,0.04
850,0.25,0.04,0.04,0.04
851,0.25,0.04,0.04,0.04
852,0.25,0.04,0.04,0.04
853,0.25,0.04,0.04,0.04
854,0.25,0.04,0.04,0.04
855,0.25,0.04,0.04,0.04
856,0.25,0.04,0.04,0.04
857,0.25,0.04,0.04,0.04
858,0.25,0.04,0.04,0.04
859,0.25,0.04,0.04,0.04
860,0.25,0.04,0.04,0.04
861,0.25,0.04,0.04,0.04
862,0.25,0.04,0.04,0.04
863,0.25,0.04,0.04,0.04
864,0.25,0.04,0.04,0.04
865,0.25,0.04,0.04,0.04
866,0.25,0.04,0.04,0.04
867,0.25,0.04,0.04,0.04
868,0.25,0.04,0.04,0.04
869,0.25,0.04,0.04,0.04
870,0.25,0.04,0.04,0.04
871,0.25,0.04,0.04,0.04
872,0.25,0.04,0.04,0.04
873,0.25,0.04,0.04,0.04
874,0.25,0.04,0.04,0.04
875,0.25,0.04,0.04,0.04
876,0.25,0.04,0.04,0.04
877,0.25,0.04,0.04,0.04
878,0.25,0.04,0.04,0.04
879,0.25,0.04,0.04,0.04
880,0.25,0.04,0.04,0.04
881,0.25,0.04,0.04,0.04
882,0.25,0.04,0.04,0.04
883,0.25,0.04,0.04,0.04
884,0.25,0.04,0.04,0.04
885,0.25,0.04,0.04,0.04
886,0.25,0.04,0.04,0.04
887,0.25,0.04,0.04,0.04
888,0.25,0.04,0.04,0.04
889,0.25,0.04,0.04,0.04
890,0.25,0.04,0.04,0.04
891,0.25,0.04,0.04,0.04
892,0.25,0.04,0.04,0.04
893,0.25,0.04,0.04,0.04
894,0.25,0.04,0.04,0.04
895,0.25,0.04,0.04,0.04
896,0.25,0.04,0.04,0.04
897,0.25,0.04,0.04,0.04
898,0.25,0.04,0.04,0.04
899,0.25,0.04,0.04,0.04
900,0.25,0.04,0.04,0.04
901,0.25,0.04,0.04,0.04
902,0.25,0.04,0.04,0.04
903,0.25,0.04,0.04,0.04
904,0.25,0.04,0.04,0.04
905,0.25,0.04,0.04,0.04
906,0.25,0.04,0.04,0.04
907,0.25,0.04,0.04,0.04
908,0.25,0.04,0.04,0.04
909,0.25,0.04,0.04,0.04
910,0.25,0.04,0.04,0.04
911,0.25,0.04,0.04,0.04
912,0.25,0.04,0.04,0.04
913,0.25,0.04,0.04,0.04
914,0.25,0.04,0.04,0.04
915,0.25,0.04,0.04,0.04
916,0.25,0.04,0.04,0.04
917,0.25,0.04,0.04,0.04
918,0.25,0.04,0.04,0.04
919,0.25,0.04,0.04,0.04
920,0.25,0.04,0.04,0.04
921,0.25,0.04,0.04,0.04
922,0.25,0.04,0.04,0.04
923,0.25,0.04,0.04,0.04
924,0.25,0.04,0.04,0.04
925,0.25,0.04,0.04,0.04
926,0.25,0.04,0.04,0.04
927,0.25,0.04,0.04,0.04
928,0.25,0.04,0.04,0.04
929,0.25,0.04,0.04,0.04
930,0.25,0.04,0.04,0.04
931,0.25,0.04,0.04,0.04
932,0.25,0.04,0.04,0.04
933,0.25,0.04,0.04,0.04
934,0.25,0.04,0.04,0.04
935,0.25,0.04,0.04,0.04
936,0.25,0.04,0.04,0.04
937,0.25,0.04,0.04,0.04
938,0.25,0.04,0.04,0.04
939,0.25,0.04,0.04,0.04
940,0.25,0.04,0.04,0.04
941,0.25,0.04,0.04,0.04
942,0.25,0.04,0.04,0.04
943,0.25,0.04,0.04,0.04
944,0.25,0.04,0.04,0.04
945,0.25,0.04,0.04,0.04
946,0.25,0.04,0.04,0.04
947,0.25,0.04,0.04,0.04
948,0.25,0.04,0.04,0.04
949,0.25,0.04,0.04,0.04
950,0.25,0.04,0.04,0.04
951,0.25,0.04,0.04,0.04
952,0.25,0.04,0.04,0.04
953,0.25,0.04,0.04,0.04
954,0.25,0.04,0.04,0.04
955,0.25,0.04,0.04,0.04
956,0.25,0.04,0.04,0.04
957,0.25,0.04,0.04,0.04
958,0.25,0.04,0.04,0.04
959,0.25,0.04,0.04,0.04
960,0.25,0.04,0.04,0.04
961,0.25,0.04,0.04,0.04
962,0.25,0.04,0.04,0.04
963,0.25,0.04,0.04,0.04
964,0.25,0.04,0.04,0.04
965,0.25,0.04,0.04,0.04
966,0.25,0.04,0.04,0.04
967,0.25,0.04,0.04,0.04
968,0.25,0.04,0.04,0.04
969,0.25,0.04,0.04,0.04
970,0.25,0.04,0.04,0.04
971,0.25,0.04,0.04,0.04
972,0.25,0.04,0.04,0.04
973,0.25,0.04,0.04,0.04
974,0.25,0.04,0.04,0.04
975,0.25,0.04,0.04,0.04
976,0.25,0.04,0.04,0.04
977,0.25,0.04,0.04,0.04
978,0.25,0.04,0.04,0.04
979,0.25,0.04,0.04,0.04
980,0.25,0.04,0.04,0.04
981,0.25,0.04,0.04,0.04
982,0.25,0.04,0.04,0.04
983,0.25,0.04,0.04,0.04
984,0.25,0.04,0.04,0.04
985,0.25,0.04,0.04,0.04
986,0.25,0.04,0.04,0.04
987,0.25,0.04,0.04,0.04
988,0.25,0.04,0.04,0.04
989,0.25,0.04,0.04,0.04
990,0.25,0.04,0.04,0.04
991,0.25,0.04,0.04,0.04
992,0.25,0.04,0.04,0.04
993,0.25,0.04,0.04,0.04
994,0.25,0.04,0.04,0.04
995,0.25,0.04,0.04,0.04
996,0.25,0.04,0.04,0.04
997,0.25,0.04,0.04,0.04
998,0.25,0.04,0.04,0.04
999,0.25,0.04,0.04,0.04
1000,0.25,0.04,0.04,0.04
1001,0.25,0.04,0.04,0.04
1002,0.25,0.04,0.04,0.04
1003,0.25,0.04,0.04,0.04
1004,0.25,0.04,0.04,0.04
1005,0.25,0.04,0.04,0.04
1006,0.25,0.04,0.04,0.04
1007,0.25,0.04,0.04,0.04
1008,0.25,0.04,0.04,0.04
1009,0.25,0.04,0.04,0.04
1010,0.25,0.04,0.04,0.04
1011,0.25,0.04,0.04,0.04
1012,0.25,0.04,0.04,0.04
1013,0.25,0.04,0.04,0.04
1014,0.25,0.04,0.04,0.04
1015,0.25,0.04,0.04,0.04
1016,0.25,0.04,0.04,0.04
1017,0.25,0.04,0.04,0.04
1018,0.25,0.04,0.04,0.04
1019,0.25,0.04,0.04,0.04
1020,0.25,0.04,0.04,0.04
1021,0.25,0.04,0.04,0.04
1022,0.25,0.04,0.04,0.04
1023,0.25,0.04,0.04,0.04
1024,0.25,0.04,0.04,0.04
1025,0.25,0.04,0.04,0.04
1026,0.25,0.04,0.04,0.04
1027,0.25,0.04,0.04,0.04
1028,0.25,0.04,0.04,0.04
1029,0.25,0.04,0.04,0.04
1030,0.25,0.04,0.04,0.04
1031,0.25,0.04,0.04,0.04
1032,0.25,0.04,0.04,0.04
1033,0.25,0.04,0.04,0.04
1034,0.25,0.04,0.04,0.04
1035,0.25,0.04,0.04,0.04
1036,0.25,0.04,0.04,0.04
1037,0.25,0.04,0.04,0.04
1038,0.25,0.04,0.04,0.04
1039,0.25,0.04,0.04,0.04
1040,0.25,0.04,0.04,0.04
1041,0.25,0.04,0.04,0.04
1042,0.25,0.04,0.04,0.04
1043,0.25,0.04,0.04,0.04
1044,0.25,0.04,0.04,0.04
1045,0.25,0.04,0.04,0.04
1046,0.25,0.04,0.04,0.04
1047,0.25,0.04,0.04,0.04
1048,0.25,0.04,0.04,0.04
1049,0.25,0.04,0.04,0.04
1050,0.25,0.04,0.04,0.04
1051,0.25,0.04,0.04,0.04
1052,0.25,0.04,0.04,0.04
1053,0.25,0.04,0.04,0.04
1054,0.25,0.04,0.04,0.04
1055,0.25,0.04,0.04,0.04
1056,0.25,0.04,0.04,0.04
1057,0.25,0.04,0.04,0.04
1058,0.25,0.04,0.04,0.04
1059,0.25,0.04,0.04,0.04
1060,0.25,0.04,0.04,0.04
1061,0.25,0.04,0.04,0.04
1062,0.25,0.04,0.04,0.04
1063,0.25,0.04,0.04,0.04
1064,0.25,0.04,0.04,0.04
1065,0.25,0.04,0.04,0.04
1066,0.25,0.04,0.04,0.04
1067,0.25,0.04,0.04,0.04
1068,0.25,0.04,0.04,0.04
1069,0.25,0.04,0.04,0.04
1070,0.25,0.04,0.04,0.04
1071,0.25,0.04,0.04,0.04
1072,0.25,0.04,0.04,0.04
1073,0.25,0.04,0.04,0.04
1074,0.25,0.04,0.04,0.04
1075,0.25,0.04,0.04,0.04
1076,0.25,0.04,0.04,0.04
1077,0.25,0.04,0.04,0.04
1078,0.25,0.04,0.04,0.04
1079,0.25,0.04,0.04,0.04
1080,0.25,0.04,0.04,0.04
1081,0.25,0.04,0.04,0.04
1082,0.25,0.04,0.04,0.04
1083,0.25,0.04,0.04,0.04
1084,0.25,0.04,0.04,0.04
1085,0.25,0.04,0.04,0.04
1086,0.25,0.04,0.04,0.04
1087,0.25,0.04,0.04,0.04
1088,0.25,0.04,0.04,0.04
1089,0.25,0.04,0.04,0.04
1090,0.25,0.04,0.04,0.04
1091,0.25,0.04,0.04,0.04
1092,0.25,0.04,0.04,0.04
1093,0.25,0.04,0.04,0.04
1094,0.25,0.04,0.04,0.04
1095,0.25,0.04,0.04,0.04
1096,0.25,0.04,0.04,0.04
1097,0.25,0.04,0.04,0.04
1098,0.25,0.04,0.04,0.04
1099,0.25,0.04,0.04,0.04
1100,0.25,0.04,0.04,0.04
1101,0.25,0.04,0.04,0.04
1102,0.25,0.04,0.04,0.04
1103,0.25,0.04,0.04,0.04
1104,0.25,0.04,0.04,0.04
1105,0.25,0.04,0.04,0.04
1106,0.25,0.04,0.04,0.04
1107,0.25,0.04,0.04,0.04
1108,0.25,0.04,0.04,0.04
1109,0.25,0.04,0.04,0.04
1110,0.25,0.04,0.04,0.04
1111,0.25,0.04,0.04,0.04
1112,0.25,0.04,0.04,0.04
1113,0.25,0.04,0.04,0.04
1114,0.25,0.04,0.04,0.04
1115,0.25,0.04,0.04,0.04
1116,0.25,0.04,0.04,0.04
1117,0.25,0.04,0.04,0.04
1118,0.25,0.04,0.04,0.04
1119,0.25,0.04,0.04,0.04
1120,0.25,0.04,0.04,0.04
1121,0.25,0.04,0.04,0.04
1122,0.25,0.04,0.04,0.04
1123,0.25,0.04,0.04,0.04
1124,0.25,0.04,0.04,0.04
1125,0.25,0.04,0.04,0.04
1126,0.25,0.04,0.04,0.04
1127,0.25,0.04,0.04,0.04
1128,0.25,0.04,0.04,0.04
1129,0.25,0.04,0.04,0.04
1130,0.25,0.04,0.04,0.04
1131,0.25,0.04,0.04,0.04
1132,0.25,0.04,0.04,0.04
1133,0.25,0.04,0.04,0.04
1134,0.25,0.04,0.04,0.04
1135,0.25,0.04,0.04,0.04
1136,0.25,0.04,0.04,0.04
1137,0.25,0.04,0.04,0.04
1138,0.25,0.04,0.04,0.04
1139,0.25,0.04,0.04,0.04
1140,0.25,0.04,0.04,0.04
1141,0.25,0.04,0.04,0.04
1142,0.25,0.04,0.04,0.04
1143,0.25,0.04,0.04,0.04
1144,0.25,0.04,0.04,0.04
1145,0.25,0.04,0.04,0.04
1146,0.25,0.04,0.04,0.04
1147,0.25,0.04,0.04,0.04
1148,0.25,0.04,0.04,0.04
1149,0.25,0.04,0.04,0.04
1150,0.25,0.04,0.04,0.04
1151,0.25,0.04,0.04,0.04
1152,0.25,0.04,0.04,0.04
1153,0.25,0.04,0.04,0.04
1154,0.25,0.04,0.04,0.04
1155,0.25,0.04,0.04,0.04
1156,0.25,0.04,0.04,0.04
1157,0.25,0.04,0.04,0.04
1158,0.25,0.04,0.04,0.04
1159,0.25,0.04,0.04,0.04
1160,0.25,0.04,0.04,0.04
1161,0.25,0.04,0.04,0.04
1162,0.25,0.04,0.04,0.04
1163,0.25,0.04,0.04,0.04
1164,0.25,0.04,0.04,0.04
1165,0.25,0.04,0.04,0.04
1166,0.25,0.04,0.04,0.04
1167,0.25,0.04,0.04,0.04
1168,0.25,0.04,0.04,0.04
1169,0.25,0.04,0.04,0.04
1170,0.25,0.04,0.04,0.04
1171,0.25,0.04,0.04,0.04
1172,0.25,0.04,0.04,0.04
1173,0.25,0.04,0.04,0.04
1174,0.25,0.04,0.04,0.04
1175,0.25,0.04,0.04,0.04
1176,0.25,0.04,0.04,0.04
1177,0.25,0.04,0.04,0.04
1178,0.25,0.04,0.04,0.04
1179,0.25,0.04,0.04,0.04
1180,0.25,0.04,0.04,0.04
1181,0.25,0.04,0.04,0.04
1182,0.25,0.04,0.04,0.04
1183,0.25,0.04,0.04,0.04
1184,0.25,0.04,0.04,0.04
1185,0.25,0.04,0.04,0.04
1186,0.25,0.04,0.04,0.04
1187,0.25,0.04,0.04,0.04
1188,0.25,0.04,0.04,0.04
1189,0.25,0.04,0.04,0.04
1190,0.25,0.04,0.04,0.04
1191,0.25,0.04,0.04,0.04
1192,0.25,0.04,0.04,0.04
1193,0.25,0.04,0.04,0.04
1194,0.25,0.04,0.04,0.04
1195,0.25,0.04,0.04,0.04
1196,0.25,0.04,0.04,0.04
1197,0.25,0.04,0.04,0.04
1198,0.25,0.04,0.04,0.04
1199,0.25,0.04,0.04,0.04
1200,0.25,0.04,0.04,0.04
1201,0.25,0.04,0.04,0.04
1202,0.25,0.04,0.04,0.04
1203,0.25,0.04,0.04,0.04
1204,0.25,0.04,0.04,0.04
1205,0.25,0.04,0.04,0.04
1206,0.25,0.04,0.04,0.04
1207,0.25,0.04,0.04,0.04
1208,0.25,0.04,0.04,0.04
1209,0.25,0.04,0.04,0.04
1210,0.25,0.04,0.04,0.04
1211,0.25,0.04,0.04,0.04
1212,0.25,0.04,0.04,0.04
1213,0.25,0.04,0.04,0.04
1214,0.25,0.04,0.04,0.04
1215,0.25,0.04,0.04,0.04
1216,0.25,0.04,0.04,0.04
1217,0.25,0.04,0.04,0.04
1218,0.25,0.04,0.04,0.04
1219,0.25,0.04,0.04,0.04
1220,0.25,0.04,0.04,0.04
1221,0.25,0.04,0.04,0.04
1222,0.25,0.04,0.04,0.04
1223,0.25,0.04,0.04,0.04
1224,0.25,0.04,0.04,0.04
1225,0.25,0.04,0.04,0.04
1226,0.25,0.04,0.04,0.04
1227,0.25,0.04,0.04,0.04
1228,0.25,0.04,0.04,0.04
1229,0.25,0.04,0.04,0.04
1230,0.25,0.04,0.04,0.04
1231,0.25,0.04,0.04,0.04
1232,0.25,0.04,0.04,0.04
1233,0.25,0.04,0.04,0.04
1234,0.25,0.04,0.04,0.04
1235,0.25,0.04,0.04,0.04
1236,0.25,0.04,0.04,0.04
1237,0.25,0.04,0.04,0.04
1238,0.25,0.04,0.04,0.04
1239,0.25,0.04,0.04,0.04
1240,0.25,0.04,0.04,0.04
1241,0.25,0.04,0.04,0.04
1242,0.25,0.04,0.04,0.04
1243,0.25,0.04,0.04,0.04
1244,0.25,0.04,0.04,0.04
1245,0.25,0.04,0.04,0.04
1246,0.25,0.04,0.04,0.04
1247,0.25,0.04,0.04,0.04
1248,0.25,0.04,0.04,0.04
1249,0.25,0.04,0.04,0.04
1250,0.25,0.04,0.04,0.04
1251,0.25,0.04,0.04,0.04
1252,0.25,0.04,0.04,0.04
1253,0.25,0.04,0.04,0.04
1254,0.25,0.04,0.04,0.04
1255,0.25,0.04,0.04,0.04
1256,0.25,0.04,0.04,0.04
1257,0.25,0.04,0.04,0.04
1258,0.25,0.04,0.04,0.04
1259,0.25,0.04,0.04,0.04
1260,0.25,0.04,0.04,0.04
1261,0.25,0.04,0.04,0.04
1262,0.25,0.04,0.04,0.04
1263,0.25,0.04,0.04,0.04
1264,0.25,0.04,0.04,0.04
1265,0.25,0.04,0.04,0.04
1266,0.25,0.04,0.04,0.04
1267,0.25,0.04,0.04,0.04
1268,0.25,0.04,0.04,0.04
1269,0.25,0.04,0.04,0.04
1270,0.25,0.04,0.04,0.04
1271,0.25,0.04,0.04,0.04
1272,0.25,0.04,0.04,0.04
1273,0.25,0.04,0.04,0.04
1274,0.25,0.04,0.04,0.04
1275,0.25,0.04,0.04,0.04
1276,0.25,0.04,0.04,0.04
1277,0.25,0.04,0.04,0.04
1278,0.25,0.04,0.04,0.04
1279,0.25,0.04,0.04,0.04
1280,0.25,0.04,0.04,0.04
1281,0.25,0.04,0.04,0.04
1282,0.25,0.04,0.04,0.04
1283,0.25,0.04,0.04,0.04
1284,0.25,0.04,0.04,0.04
1285,0.25,0.04,0.04,0.04
1286,0.25,0.04,0.04,0.04
1287,0.25,0.04,0.04,0.04
1288,0.25,0.04,0.04,0.04
1289,0.25,0.04,0.04,0.04
1290,0.25,0.04,0.04,0.04
1291,0.25,0.04,0.04,0.04
1292,0.25,0.04,0.04,0.04
1293,0.25,0.04,0.04,0.04
1294,0.25,0.04,0.04,0.04
1295,0.25,0.04,0.04,0.04
1296,0.25,0.04,0.04,0.04
1297,0.25,0.04,0.04,0.04
1298,0.25,0.04,0.04,0.04
1299,0.25,0.04,0.04,0.04
1300,0.25,0.04,0.04,0.04
1301,0.25,0.04,0.04,0.04
1302,0.25,0.04,0.04,0.04
1303,0.25,0.04,0.04,0.04
1304,0.25,0.04,0.04,0.04
1305,0.25,0.04,0.04,0.04
1306,0.25,0.04,0.04,0.04
1307,0.25,0.04,0.04,0.04
1308,0.25,0.04,0.04,0.04
1309,0.25,0.04,0.04,0.04
1310,0.25,0.04,0.04,0.04
1311,0.25,0.04,0.04,0.04
1312,0.25,0.04,0.04,0.04
1313,0.25,0.04,0.04,0.04
1314,0.25,0.04,0.04,0.04
1315,0.25,0.04,0.04,0.04
1316,0.25,0.04,0.04,0.04
1317,0.25,0.04,0.04,0.04
1318,0.25,0.04,0.04,0.04
1319,0.25,0.04,0.04,0.04
1320,0.25,0.04,0.04,0.04
1321,0.25,0.04,0.04,0.04
1322,0.25,0.04,0.04,0.04
1323,0.25,0.04,0.04,0.04
1324,0.25,0.04,0.04,0.04
1325,0.25,0.04,0.04,0.04
1326,0.25,0.04,0.04,0.04
1327,0.25,0.04,0.04,0.04
1328,0.25,0.04,0.04,0.04
1329,0.25,0.04,0.04,0.04
1330,0.25,0.04,0.04,0.04
1331,0.25,0.04,0.04,0.04
1332,0.25,0.04,0.04,0.04
1333,0.25,0.04,0.04,0.04
1334,0.25,0.04,0.04,0.04
1335,0.25,0.04,0.04,0.04
1336,0.25,0.04,0.04,0.04
1337,0.25,0.04,0.04,0.04
1338,0.25,0.04,0.04,0.04
1339,0.25,0.04,0.04,0.04
1340,0.25,0.04,0.04,0.04
1341,0.25,0.04,0.04,0.04
1342,0.25,0.04,0.04,0.04
1343,0.25,0.04,0.04,0.04
1344,0.25,0.04,0.04,0.04
1345,0.25,0.04,0.04,0.04
1346,0.25,0.04,0.04,0.04
1347,0.25,0.04,0.04,0.04
1348,0.25,0.04,0.04,0.04
1349,0.25,0.04,0.04,0.04
1350,0.25,0.04,0.04,0.04
1351,0.25,0.04,0.04,0.04
1352,0.25,0.04,0.04,0.04
1353,0.25,0.04,0.04,0.04
1354,0.25,0.04,0.04,0.04
1355,0.25,0.04,0.04,0.04
1356,0.25,0.04,0.04,0.04
1357,0.25,0.04,0.04,0.04
1358,0.25,0.04,0.04,0.04
1359,0.25,0.04,0.04,0.04
1360,0.25,0.04,0.04,0.04
1361,0.25,0.04,0.04,0.04
1362,0.25,0.04,0.04,0.04
1363,0.25,0.04,0.04,0.04
1364,0.25,0.04,0.04,0.04
1365,0.25,0.04,0.04,0.04
1366,0.25,0.04,0.04,0.04
1367,0.25,0.04,0.04,0.04
1368,0.25,0.04,0.04,0.04
1369,0.25,0.04,0.04,0.04
1370,0.25,0.04,0.04,0.04
1371,0.25,0.04,0.04,0.04
1372,0.25,0.04,0.04,0.04
1373,0.25,0.04,0.04,0.04
1374,0.25,0.04,0.04,0.04
1375,0.25,0.04,0.04,0.04
1376,0.25,0.04,0.04,0.04
1377,0.25,0.04,0.04,0.04
1378,0.25,0.04,0.04,0.04
1379,0.25,0.04,0.04,0.04
1380,0.25,0.04,0.04,0.04
1381,0.25,0.04,0.04,0.04
1382,0.25,0.04,0.04,0.04
1383,0.25,0.04,0.04,0.04
1384,0.25,0.04,0.04,0.04
1385,0.25,0.04,0.04,0.04
1386,0.25,0.04,0.04,0.04
1387,0.25,0.04,0.04,0.04
1388,0.25,0.04,0.04,0.04
1389,0.25,0.04,0.04,0.04
1390,0.25,0.04,0.04,0.04
1391,0.25,0.04,0.04,0.04
1392,0.25,0.04,0.04,0.04
1393,0.25,0.04,0.04,0.04
1394,0.25,0.04,0.04,0.04
1395,0.25,0.04,0.04,0.04
1396,0.25,0.04,0.04,0.04
1397,0.25,0.04,0.04,0.04
1398,0.25,0.04,0.04,0.04
1399,0.25,0.04,0.04,0.04
1400,0.25,0.04,0.04,0.04
1401,0.25,0.04,0.04,0.04
1402,0.25,0.04,0.04,0.04
1403,0.25,0.04,0.04,0.04
1404,0.25,0.04,0.04,0.04
1405,0.25,0.04,0.04,0.04
1406,0.25,0.04,0.04,0.04
1407,0.25,0.04,0.04,0.04
1408,0.25,0.04,0.04,0.04
1409,0.25,0.04,0.04,0.04
1410,0.25,0.04,0.04,0.04
1411,0.25,0.04,0.04,0.04
1412,0.25,0.04,0.04,0.04
1413,0.25,0.04,0.04,0.04
1414,0.25,0.04,0.04,0.04
1415,0.25,0.04,0.04,0.04
1416,0.25,0.04,0.04,0.04
1417,0.25,0.04,0.04,0.04
1418,0.25,0.04,0.04,0.04
1419,0.25,0.04,0.04,0.04
1420,0.25,0.04,0.04,0.04
1421,0.25,0.04,0.04,0.04
1422,0.25,0.04,0.04,0.04
1423,0.25,0.04,0.04,0.04
1424,0.25,0.04,0.04,0.04
1425,0.25,0.04,0.04,0.04
1426,0.25,0.04,0.04,0.04
1427,0.25,0.04,0.04,0.04
1428,0.25,0.04,0.04,0.04
1429,0.25,0.04,0.04,0.04
1430,0.25,0.04,0.04,0.04
1431,0.25,0.04,0.04,0.04
1432,0.25,0.04,0.04,0.04
1433,0.25,0.04,0.04,0.04
1434,0.25,0.04,0.04,0.04
1435,0.25,0.04,0.04,0.04
1436,0.25,0.04,0.04,0.04
1437,0.25,0.04,0.04,0.04
1438,0.25,0.04,0.04,0.04
1439,0.25,0.04,0.04,0.04
1440,0.25,0.04,0.04,0.04
1441,0.25,0.04,0.04,0.04
1442,0.25,0.04,0.04,0.04
1443,0.25,0.04,0.04,0.04
1444,0.25,0.04,0.04,0.04
1445,0.25,0.04,0.04,0.04
1446,0.25,0.04,0.04,0.04
1447,0.25,0.04,0.04,0.04
1448,0.25,0.04,0.04,0.04
1449,0.25,0.04,0.04,0.04
1450,0.25,0.04,0.04,0.04
1451,0.25,0.04,0.04,0.04
1452,0.25,0.04,0.04,0.04
1453,0.25,0.04,0.04,0.04
1454,0.25,0.04,0.04,0.04
1455,0.25,0.04,0.04,0.04
1456,0.25,0.04,0.04,0.04
1457,0.25,0.04,0.04,0.04
1458,0.25,0.04,0.04,0.04
1459,0.25,0.04,0.04,0.04
1460,0.25,0.04,0.04,0.04
1461,0.25,0.04,0.04,0.04
1462,0.25,0.04,0.04,0.04
1463,0.25,0.04,0.04,0.04
1464,0.25,0.04,0.04,0.04
1465,0.25,0.04,0.04,0.04
1466,0.25,0.04,0.04,0.04
1467,0.25,0.04,0.04,0.04
1468,0.25,0.04,0.04,0.04
1469,0.25,0.04,0.04,0.04
1470,0.25,0.04,0.04,0.04
1471,0.25,0.04,0.04,0.04
1472,0.25,0.04,0.04,0.04
1473,0.25,0.04,0.04,0.04
1474,0.25,0.04,0.04,0.04
1475,0.25,0.04,0.04,0.04
1476,0.25,0.04,0.04,0.04
1477,0.25,0.04,0.04,0.04
1478,0.25,0.04,0.04,0.04
1479,0.25,0.04,0.04,0.04
1480,0.25,0.04,0.04,0.04
1481,0.25,0.04,0.04,0.04
1482,0.25,0.04,0.04,0.04
1483,0.25,0.04,0.04,0.04
1484,0.25,0.04,0.04,0.04
1485,0.25,0.04,0.04,0.04
1486,0.25,0.04,0.04,0.04
1487,0.25,0.04,0.04,0.04
1488,0.25,0.04,0.04,0.04
1489,0.25,0.04,0.04,0.04
1490,0.25,0.04,0.04,0.04
1491,0.25,0.04,0.04,0.04
1492,0.25,0.04,0.04,0.04
1493,0.25,0.04,0.04,0.04
1494,0.25,0.04,0.04,0.04
1495,0.25,0.04,0.04,0.04
1496,0.25,0.04,0.04,0.04
1497,0.25,0.04,0.04,0.04
1498,0.25,0.04,0.04,0.04
1499,0.25,0.04,0.04,0.04
